timestamp,key,label,value
2019-09-18 15:33:20,netdata.web_thread3_cpu,user,0.02
2019-09-18 15:26:40,netdata.web_thread3_cpu,user,0.01
2019-09-18 15:20:00,netdata.web_thread3_cpu,user,0.01
2019-09-18 15:13:20,netdata.web_thread3_cpu,user,0.02
2019-09-18 15:06:40,netdata.web_thread3_cpu,user,0.02
2019-09-18 15:00:00,netdata.web_thread3_cpu,user,0.0412371
2019-09-18 14:53:20,netdata.web_thread3_cpu,user,0.06
2019-09-18 14:46:40,netdata.web_thread3_cpu,user,0.03
2019-09-18 14:40:00,netdata.web_thread3_cpu,user,0.03
2019-09-18 15:33:20,netdata.web_thread3_cpu,system,0.02
2019-09-18 15:26:40,netdata.web_thread3_cpu,system,0.03
2019-09-18 15:20:00,netdata.web_thread3_cpu,system,0.03
2019-09-18 15:13:20,netdata.web_thread3_cpu,system,0.02
2019-09-18 15:06:40,netdata.web_thread3_cpu,system,0.01
2019-09-18 15:00:00,netdata.web_thread3_cpu,system,0.0515464
2019-09-18 14:53:20,netdata.web_thread3_cpu,system,0.04
2019-09-18 14:46:40,netdata.web_thread3_cpu,system,0.03
2019-09-18 14:40:00,netdata.web_thread3_cpu,system,0.01
2019-09-18 15:33:20,netdata.web_thread4_cpu,user,0.01
2019-09-18 15:26:40,netdata.web_thread4_cpu,user,0.04
2019-09-18 15:20:00,netdata.web_thread4_cpu,user,0.03
2019-09-18 15:13:20,netdata.web_thread4_cpu,user,0.04
2019-09-18 15:06:40,netdata.web_thread4_cpu,user,0.03
2019-09-18 15:00:00,netdata.web_thread4_cpu,user,0.1131105
2019-09-18 14:53:20,netdata.web_thread4_cpu,user,0.02
2019-09-18 14:46:40,netdata.web_thread4_cpu,user,0.01
2019-09-18 14:40:00,netdata.web_thread4_cpu,user,0.03
2019-09-18 15:33:20,netdata.web_thread4_cpu,system,0.04
2019-09-18 15:26:40,netdata.web_thread4_cpu,system,0.03
2019-09-18 15:20:00,netdata.web_thread4_cpu,system,0.04
2019-09-18 15:13:20,netdata.web_thread4_cpu,system,0.04
2019-09-18 15:06:40,netdata.web_thread4_cpu,system,0.04
2019-09-18 15:00:00,netdata.web_thread4_cpu,system,0.0411311
2019-09-18 14:53:20,netdata.web_thread4_cpu,system,0.04
2019-09-18 14:46:40,netdata.web_thread4_cpu,system,0.03
2019-09-18 14:40:00,netdata.web_thread4_cpu,system,0.01
2019-09-18 15:33:20,netdata.web_thread2_cpu,user,0.01
2019-09-18 15:26:40,netdata.web_thread2_cpu,user,0.01
2019-09-18 15:20:00,netdata.web_thread2_cpu,user,0.01
2019-09-18 15:13:20,netdata.web_thread2_cpu,user,0.0
2019-09-18 15:06:40,netdata.web_thread2_cpu,user,0.01
2019-09-18 15:00:00,netdata.web_thread2_cpu,user,0.1953728
2019-09-18 14:53:20,netdata.web_thread2_cpu,user,0.05
2019-09-18 14:46:40,netdata.web_thread2_cpu,user,0.01
2019-09-18 14:40:00,netdata.web_thread2_cpu,user,0.06
2019-09-18 15:33:20,netdata.web_thread2_cpu,system,0.03
2019-09-18 15:26:40,netdata.web_thread2_cpu,system,0.03
2019-09-18 15:20:00,netdata.web_thread2_cpu,system,0.03
2019-09-18 15:13:20,netdata.web_thread2_cpu,system,0.04
2019-09-18 15:06:40,netdata.web_thread2_cpu,system,0.03
2019-09-18 15:00:00,netdata.web_thread2_cpu,system,0.0102828
2019-09-18 14:53:20,netdata.web_thread2_cpu,system,0.05
2019-09-18 14:46:40,netdata.web_thread2_cpu,system,0.06
2019-09-18 14:40:00,netdata.web_thread2_cpu,system,0.01
2019-09-18 15:33:20,netdata.web_thread1_cpu,user,0.02
2019-09-18 15:26:40,netdata.web_thread1_cpu,user,0.02
2019-09-18 15:20:00,netdata.web_thread1_cpu,user,0.01
2019-09-18 15:13:20,netdata.web_thread1_cpu,user,0.01
2019-09-18 15:06:40,netdata.web_thread1_cpu,user,0.02
2019-09-18 15:00:00,netdata.web_thread1_cpu,user,0.18509
2019-09-18 14:53:20,netdata.web_thread1_cpu,user,0.07
2019-09-18 14:46:40,netdata.web_thread1_cpu,user,0.03
2019-09-18 14:40:00,netdata.web_thread1_cpu,user,0.01
2019-09-18 15:33:20,netdata.web_thread1_cpu,system,0.05
2019-09-18 15:26:40,netdata.web_thread1_cpu,system,0.03
2019-09-18 15:20:00,netdata.web_thread1_cpu,system,0.03
2019-09-18 15:13:20,netdata.web_thread1_cpu,system,0.03
2019-09-18 15:06:40,netdata.web_thread1_cpu,system,0.02
2019-09-18 15:00:00,netdata.web_thread1_cpu,system,0.0205656
2019-09-18 14:53:20,netdata.web_thread1_cpu,system,0.02
2019-09-18 14:46:40,netdata.web_thread1_cpu,system,0.02
2019-09-18 14:40:00,netdata.web_thread1_cpu,system,0.03
2019-09-18 15:33:20,netdata.server_cpu,user,1.5575397
2019-09-18 15:26:40,netdata.server_cpu,user,1.4624611
2019-09-18 15:20:00,netdata.server_cpu,user,1.5575389
2019-09-18 15:13:20,netdata.server_cpu,user,1.59
2019-09-18 15:06:40,netdata.server_cpu,user,1.3824604
2019-09-18 15:00:00,netdata.server_cpu,user,2.4180978
2019-09-18 14:53:20,netdata.server_cpu,user,2.0759391
2019-09-18 14:46:40,netdata.server_cpu,user,1.9240609
2019-09-18 14:40:00,netdata.server_cpu,user,1.8859401
2019-09-18 15:33:20,netdata.server_cpu,system,1.22
2019-09-18 15:26:40,netdata.server_cpu,system,1.28
2019-09-18 15:20:00,netdata.server_cpu,system,1.2324597
2019-09-18 15:13:20,netdata.server_cpu,system,1.2000013
2019-09-18 15:06:40,netdata.server_cpu,system,1.377539
2019-09-18 15:00:00,netdata.server_cpu,system,1.1372157
2019-09-18 14:53:20,netdata.server_cpu,system,1.7440577
2019-09-18 14:46:40,netdata.server_cpu,system,1.7559423
2019-09-18 14:40:00,netdata.server_cpu,system,1.8140577
2019-09-18 15:33:20,netdata.plugin_proc_cpu,user,0.34
2019-09-18 15:26:40,netdata.plugin_proc_cpu,user,0.33
2019-09-18 15:20:00,netdata.plugin_proc_cpu,user,0.29
2019-09-18 15:13:20,netdata.plugin_proc_cpu,user,0.35
2019-09-18 15:06:40,netdata.plugin_proc_cpu,user,0.35
2019-09-18 15:00:00,netdata.plugin_proc_cpu,user,0.3907455
2019-09-18 14:53:20,netdata.plugin_proc_cpu,user,0.47
2019-09-18 14:46:40,netdata.plugin_proc_cpu,user,0.4559423
2019-09-18 14:40:00,netdata.plugin_proc_cpu,user,0.4740577
2019-09-18 15:33:20,netdata.plugin_proc_cpu,system,0.58
2019-09-18 15:26:40,netdata.plugin_proc_cpu,system,0.58
2019-09-18 15:20:00,netdata.plugin_proc_cpu,system,0.64
2019-09-18 15:13:20,netdata.plugin_proc_cpu,system,0.57
2019-09-18 15:06:40,netdata.plugin_proc_cpu,system,0.56
2019-09-18 15:00:00,netdata.plugin_proc_cpu,system,0.5594453
2019-09-18 14:53:20,netdata.plugin_proc_cpu,system,0.59
2019-09-18 14:46:40,netdata.plugin_proc_cpu,system,0.58
2019-09-18 14:40:00,netdata.plugin_proc_cpu,system,0.58
2019-09-18 15:33:20,cpu.cpu3_softnet_stat,processed,0.6525
2019-09-18 15:26:40,cpu.cpu3_softnet_stat,processed,0.4075
2019-09-18 15:20:00,cpu.cpu3_softnet_stat,processed,1.4375
2019-09-18 15:13:20,cpu.cpu3_softnet_stat,processed,3.1525
2019-09-18 15:06:40,cpu.cpu3_softnet_stat,processed,0.0575
2019-09-18 15:00:00,cpu.cpu3_softnet_stat,processed,3.1997628
2019-09-18 14:53:20,cpu.cpu3_softnet_stat,processed,1.3379155
2019-09-18 14:46:40,cpu.cpu3_softnet_stat,processed,6.45
2019-09-18 14:40:00,cpu.cpu3_softnet_stat,processed,4.1225
2019-09-18 15:33:20,cpu.cpu3_softnet_stat,dropped,0.0
2019-09-18 15:26:40,cpu.cpu3_softnet_stat,dropped,0.0
2019-09-18 15:20:00,cpu.cpu3_softnet_stat,dropped,0.0
2019-09-18 15:13:20,cpu.cpu3_softnet_stat,dropped,0.0
2019-09-18 15:06:40,cpu.cpu3_softnet_stat,dropped,0.0
2019-09-18 15:00:00,cpu.cpu3_softnet_stat,dropped,0.0
2019-09-18 14:53:20,cpu.cpu3_softnet_stat,dropped,0.0
2019-09-18 14:46:40,cpu.cpu3_softnet_stat,dropped,0.0
2019-09-18 14:40:00,cpu.cpu3_softnet_stat,dropped,0.0
2019-09-18 15:33:20,cpu.cpu3_softnet_stat,squeezed,0.0
2019-09-18 15:26:40,cpu.cpu3_softnet_stat,squeezed,0.0
2019-09-18 15:20:00,cpu.cpu3_softnet_stat,squeezed,0.0
2019-09-18 15:13:20,cpu.cpu3_softnet_stat,squeezed,0.0
2019-09-18 15:06:40,cpu.cpu3_softnet_stat,squeezed,0.0
2019-09-18 15:00:00,cpu.cpu3_softnet_stat,squeezed,0.0
2019-09-18 14:53:20,cpu.cpu3_softnet_stat,squeezed,0.0
2019-09-18 14:46:40,cpu.cpu3_softnet_stat,squeezed,0.0
2019-09-18 14:40:00,cpu.cpu3_softnet_stat,squeezed,0.0
2019-09-18 15:33:20,cpu.cpu3_softnet_stat,received_rps,0.0
2019-09-18 15:26:40,cpu.cpu3_softnet_stat,received_rps,0.0
2019-09-18 15:20:00,cpu.cpu3_softnet_stat,received_rps,0.0
2019-09-18 15:13:20,cpu.cpu3_softnet_stat,received_rps,0.0
2019-09-18 15:06:40,cpu.cpu3_softnet_stat,received_rps,0.0
2019-09-18 15:00:00,cpu.cpu3_softnet_stat,received_rps,0.0
2019-09-18 14:53:20,cpu.cpu3_softnet_stat,received_rps,0.0
2019-09-18 14:46:40,cpu.cpu3_softnet_stat,received_rps,0.0
2019-09-18 14:40:00,cpu.cpu3_softnet_stat,received_rps,0.0
2019-09-18 15:33:20,cpu.cpu3_softnet_stat,flow_limit_count,0.0
2019-09-18 15:26:40,cpu.cpu3_softnet_stat,flow_limit_count,0.0
2019-09-18 15:20:00,cpu.cpu3_softnet_stat,flow_limit_count,0.0
2019-09-18 15:13:20,cpu.cpu3_softnet_stat,flow_limit_count,0.0
2019-09-18 15:06:40,cpu.cpu3_softnet_stat,flow_limit_count,0.0
2019-09-18 15:00:00,cpu.cpu3_softnet_stat,flow_limit_count,0.0
2019-09-18 14:53:20,cpu.cpu3_softnet_stat,flow_limit_count,0.0
2019-09-18 14:46:40,cpu.cpu3_softnet_stat,flow_limit_count,0.0
2019-09-18 14:40:00,cpu.cpu3_softnet_stat,flow_limit_count,0.0
2019-09-18 15:33:20,cpu.cpu2_softnet_stat,processed,0.2525
2019-09-18 15:26:40,cpu.cpu2_softnet_stat,processed,0.1425
2019-09-18 15:20:00,cpu.cpu2_softnet_stat,processed,2.3500001
2019-09-18 15:13:20,cpu.cpu2_softnet_stat,processed,0.2325
2019-09-18 15:06:40,cpu.cpu2_softnet_stat,processed,0.195
2019-09-18 15:00:00,cpu.cpu2_softnet_stat,processed,0.7799644
2019-09-18 14:53:20,cpu.cpu2_softnet_stat,processed,0.2025
2019-09-18 14:46:40,cpu.cpu2_softnet_stat,processed,0.08
2019-09-18 14:40:00,cpu.cpu2_softnet_stat,processed,0.035
2019-09-18 15:33:20,cpu.cpu2_softnet_stat,dropped,0.0
2019-09-18 15:26:40,cpu.cpu2_softnet_stat,dropped,0.0
2019-09-18 15:20:00,cpu.cpu2_softnet_stat,dropped,0.0
2019-09-18 15:13:20,cpu.cpu2_softnet_stat,dropped,0.0
2019-09-18 15:06:40,cpu.cpu2_softnet_stat,dropped,0.0
2019-09-18 15:00:00,cpu.cpu2_softnet_stat,dropped,0.0
2019-09-18 14:53:20,cpu.cpu2_softnet_stat,dropped,0.0
2019-09-18 14:46:40,cpu.cpu2_softnet_stat,dropped,0.0
2019-09-18 14:40:00,cpu.cpu2_softnet_stat,dropped,0.0
2019-09-18 15:33:20,cpu.cpu2_softnet_stat,squeezed,0.0
2019-09-18 15:26:40,cpu.cpu2_softnet_stat,squeezed,0.0
2019-09-18 15:20:00,cpu.cpu2_softnet_stat,squeezed,0.0
2019-09-18 15:13:20,cpu.cpu2_softnet_stat,squeezed,0.0
2019-09-18 15:06:40,cpu.cpu2_softnet_stat,squeezed,0.0
2019-09-18 15:00:00,cpu.cpu2_softnet_stat,squeezed,0.0
2019-09-18 14:53:20,cpu.cpu2_softnet_stat,squeezed,0.0
2019-09-18 14:46:40,cpu.cpu2_softnet_stat,squeezed,0.0
2019-09-18 14:40:00,cpu.cpu2_softnet_stat,squeezed,0.0
2019-09-18 15:33:20,cpu.cpu2_softnet_stat,received_rps,0.0
2019-09-18 15:26:40,cpu.cpu2_softnet_stat,received_rps,0.0
2019-09-18 15:20:00,cpu.cpu2_softnet_stat,received_rps,0.0
2019-09-18 15:13:20,cpu.cpu2_softnet_stat,received_rps,0.0
2019-09-18 15:06:40,cpu.cpu2_softnet_stat,received_rps,0.0
2019-09-18 15:00:00,cpu.cpu2_softnet_stat,received_rps,0.0
2019-09-18 14:53:20,cpu.cpu2_softnet_stat,received_rps,0.0
2019-09-18 14:46:40,cpu.cpu2_softnet_stat,received_rps,0.0
2019-09-18 14:40:00,cpu.cpu2_softnet_stat,received_rps,0.0
2019-09-18 15:33:20,cpu.cpu2_softnet_stat,flow_limit_count,0.0
2019-09-18 15:26:40,cpu.cpu2_softnet_stat,flow_limit_count,0.0
2019-09-18 15:20:00,cpu.cpu2_softnet_stat,flow_limit_count,0.0
2019-09-18 15:13:20,cpu.cpu2_softnet_stat,flow_limit_count,0.0
2019-09-18 15:06:40,cpu.cpu2_softnet_stat,flow_limit_count,0.0
2019-09-18 15:00:00,cpu.cpu2_softnet_stat,flow_limit_count,0.0
2019-09-18 14:53:20,cpu.cpu2_softnet_stat,flow_limit_count,0.0
2019-09-18 14:46:40,cpu.cpu2_softnet_stat,flow_limit_count,0.0
2019-09-18 14:40:00,cpu.cpu2_softnet_stat,flow_limit_count,0.0
2019-09-18 15:33:20,cpu.cpu1_softnet_stat,processed,0.125
2019-09-18 15:26:40,cpu.cpu1_softnet_stat,processed,0.31873
2019-09-18 15:20:00,cpu.cpu1_softnet_stat,processed,0.97877
2019-09-18 15:13:20,cpu.cpu1_softnet_stat,processed,0.14
2019-09-18 15:06:40,cpu.cpu1_softnet_stat,processed,0.07
2019-09-18 15:00:00,cpu.cpu1_softnet_stat,processed,0.7367457
2019-09-18 14:53:20,cpu.cpu1_softnet_stat,processed,0.3060148
2019-09-18 14:46:40,cpu.cpu1_softnet_stat,processed,0.2554704
2019-09-18 14:40:00,cpu.cpu1_softnet_stat,processed,0.3670296
2019-09-18 15:33:20,cpu.cpu1_softnet_stat,dropped,0.0
2019-09-18 15:26:40,cpu.cpu1_softnet_stat,dropped,0.0
2019-09-18 15:20:00,cpu.cpu1_softnet_stat,dropped,0.0
2019-09-18 15:13:20,cpu.cpu1_softnet_stat,dropped,0.0
2019-09-18 15:06:40,cpu.cpu1_softnet_stat,dropped,0.0
2019-09-18 15:00:00,cpu.cpu1_softnet_stat,dropped,0.0
2019-09-18 14:53:20,cpu.cpu1_softnet_stat,dropped,0.0
2019-09-18 14:46:40,cpu.cpu1_softnet_stat,dropped,0.0
2019-09-18 14:40:00,cpu.cpu1_softnet_stat,dropped,0.0
2019-09-18 15:33:20,cpu.cpu1_softnet_stat,squeezed,0.0
2019-09-18 15:26:40,cpu.cpu1_softnet_stat,squeezed,0.0
2019-09-18 15:20:00,cpu.cpu1_softnet_stat,squeezed,0.0
2019-09-18 15:13:20,cpu.cpu1_softnet_stat,squeezed,0.0
2019-09-18 15:06:40,cpu.cpu1_softnet_stat,squeezed,0.0
2019-09-18 15:00:00,cpu.cpu1_softnet_stat,squeezed,0.0
2019-09-18 14:53:20,cpu.cpu1_softnet_stat,squeezed,0.0
2019-09-18 14:46:40,cpu.cpu1_softnet_stat,squeezed,0.0
2019-09-18 14:40:00,cpu.cpu1_softnet_stat,squeezed,0.0
2019-09-18 15:33:20,cpu.cpu1_softnet_stat,received_rps,0.0
2019-09-18 15:26:40,cpu.cpu1_softnet_stat,received_rps,0.0
2019-09-18 15:20:00,cpu.cpu1_softnet_stat,received_rps,0.0
2019-09-18 15:13:20,cpu.cpu1_softnet_stat,received_rps,0.0
2019-09-18 15:06:40,cpu.cpu1_softnet_stat,received_rps,0.0
2019-09-18 15:00:00,cpu.cpu1_softnet_stat,received_rps,0.0
2019-09-18 14:53:20,cpu.cpu1_softnet_stat,received_rps,0.0
2019-09-18 14:46:40,cpu.cpu1_softnet_stat,received_rps,0.0
2019-09-18 14:40:00,cpu.cpu1_softnet_stat,received_rps,0.0
2019-09-18 15:33:20,cpu.cpu1_softnet_stat,flow_limit_count,0.0
2019-09-18 15:26:40,cpu.cpu1_softnet_stat,flow_limit_count,0.0
2019-09-18 15:20:00,cpu.cpu1_softnet_stat,flow_limit_count,0.0
2019-09-18 15:13:20,cpu.cpu1_softnet_stat,flow_limit_count,0.0
2019-09-18 15:06:40,cpu.cpu1_softnet_stat,flow_limit_count,0.0
2019-09-18 15:00:00,cpu.cpu1_softnet_stat,flow_limit_count,0.0
2019-09-18 14:53:20,cpu.cpu1_softnet_stat,flow_limit_count,0.0
2019-09-18 14:46:40,cpu.cpu1_softnet_stat,flow_limit_count,0.0
2019-09-18 14:40:00,cpu.cpu1_softnet_stat,flow_limit_count,0.0
2019-09-18 15:33:20,cpu.cpu0_softnet_stat,processed,0.2075
2019-09-18 15:26:40,cpu.cpu0_softnet_stat,processed,0.1375
2019-09-18 15:20:00,cpu.cpu0_softnet_stat,processed,0.3975
2019-09-18 15:13:20,cpu.cpu0_softnet_stat,processed,0.3125
2019-09-18 15:06:40,cpu.cpu0_softnet_stat,processed,0.19
2019-09-18 15:00:00,cpu.cpu0_softnet_stat,processed,0.9496303
2019-09-18 14:53:20,cpu.cpu0_softnet_stat,processed,0.465
2019-09-18 14:46:40,cpu.cpu0_softnet_stat,processed,0.2375
2019-09-18 14:40:00,cpu.cpu0_softnet_stat,processed,0.13
2019-09-18 15:33:20,cpu.cpu0_softnet_stat,dropped,0.0
2019-09-18 15:26:40,cpu.cpu0_softnet_stat,dropped,0.0
2019-09-18 15:20:00,cpu.cpu0_softnet_stat,dropped,0.0
2019-09-18 15:13:20,cpu.cpu0_softnet_stat,dropped,0.0
2019-09-18 15:06:40,cpu.cpu0_softnet_stat,dropped,0.0
2019-09-18 15:00:00,cpu.cpu0_softnet_stat,dropped,0.0
2019-09-18 14:53:20,cpu.cpu0_softnet_stat,dropped,0.0
2019-09-18 14:46:40,cpu.cpu0_softnet_stat,dropped,0.0
2019-09-18 14:40:00,cpu.cpu0_softnet_stat,dropped,0.0
2019-09-18 15:33:20,cpu.cpu0_softnet_stat,squeezed,0.0
2019-09-18 15:26:40,cpu.cpu0_softnet_stat,squeezed,0.0
2019-09-18 15:20:00,cpu.cpu0_softnet_stat,squeezed,0.0
2019-09-18 15:13:20,cpu.cpu0_softnet_stat,squeezed,0.0
2019-09-18 15:06:40,cpu.cpu0_softnet_stat,squeezed,0.0
2019-09-18 15:00:00,cpu.cpu0_softnet_stat,squeezed,0.0
2019-09-18 14:53:20,cpu.cpu0_softnet_stat,squeezed,0.0
2019-09-18 14:46:40,cpu.cpu0_softnet_stat,squeezed,0.0
2019-09-18 14:40:00,cpu.cpu0_softnet_stat,squeezed,0.0
2019-09-18 15:33:20,cpu.cpu0_softnet_stat,received_rps,0.0
2019-09-18 15:26:40,cpu.cpu0_softnet_stat,received_rps,0.0
2019-09-18 15:20:00,cpu.cpu0_softnet_stat,received_rps,0.0
2019-09-18 15:13:20,cpu.cpu0_softnet_stat,received_rps,0.0
2019-09-18 15:06:40,cpu.cpu0_softnet_stat,received_rps,0.0
2019-09-18 15:00:00,cpu.cpu0_softnet_stat,received_rps,0.0
2019-09-18 14:53:20,cpu.cpu0_softnet_stat,received_rps,0.0
2019-09-18 14:46:40,cpu.cpu0_softnet_stat,received_rps,0.0
2019-09-18 14:40:00,cpu.cpu0_softnet_stat,received_rps,0.0
2019-09-18 15:33:20,cpu.cpu0_softnet_stat,flow_limit_count,0.0
2019-09-18 15:26:40,cpu.cpu0_softnet_stat,flow_limit_count,0.0
2019-09-18 15:20:00,cpu.cpu0_softnet_stat,flow_limit_count,0.0
2019-09-18 15:13:20,cpu.cpu0_softnet_stat,flow_limit_count,0.0
2019-09-18 15:06:40,cpu.cpu0_softnet_stat,flow_limit_count,0.0
2019-09-18 15:00:00,cpu.cpu0_softnet_stat,flow_limit_count,0.0
2019-09-18 14:53:20,cpu.cpu0_softnet_stat,flow_limit_count,0.0
2019-09-18 14:46:40,cpu.cpu0_softnet_stat,flow_limit_count,0.0
2019-09-18 14:40:00,cpu.cpu0_softnet_stat,flow_limit_count,0.0
2019-09-18 15:33:20,cpu.cpu3_softirqs,TIMER,8.0312278
2019-09-18 15:26:40,cpu.cpu3_softirqs,TIMER,5.6570194
2019-09-18 15:20:00,cpu.cpu3_softirqs,TIMER,5.2005229
2019-09-18 15:13:20,cpu.cpu3_softirqs,TIMER,9.268205
2019-09-18 15:06:40,cpu.cpu3_softirqs,TIMER,3.0337722
2019-09-18 15:00:00,cpu.cpu3_softirqs,TIMER,7.7758732
2019-09-18 14:53:20,cpu.cpu3_softirqs,TIMER,9.0569466
2019-09-18 14:46:40,cpu.cpu3_softirqs,TIMER,11.3557149
2019-09-18 14:40:00,cpu.cpu3_softirqs,TIMER,9.7294509
2019-09-18 15:33:20,cpu.cpu3_softirqs,NET_RX,0.615
2019-09-18 15:26:40,cpu.cpu3_softirqs,NET_RX,0.3925
2019-09-18 15:20:00,cpu.cpu3_softirqs,NET_RX,0.93
2019-09-18 15:13:20,cpu.cpu3_softirqs,NET_RX,3.0075
2019-09-18 15:06:40,cpu.cpu3_softirqs,NET_RX,0.0475
2019-09-18 15:00:00,cpu.cpu3_softirqs,NET_RX,3.1457039
2019-09-18 14:53:20,cpu.cpu3_softirqs,NET_RX,1.2930011
2019-09-18 14:46:40,cpu.cpu3_softirqs,NET_RX,6.365
2019-09-18 14:40:00,cpu.cpu3_softirqs,NET_RX,4.035
2019-09-18 15:33:20,cpu.cpu3_softirqs,SCHED,8.1837278
2019-09-18 15:26:40,cpu.cpu3_softirqs,SCHED,5.7795194
2019-09-18 15:20:00,cpu.cpu3_softirqs,SCHED,5.0380229
2019-09-18 15:13:20,cpu.cpu3_softirqs,SCHED,9.2657049
2019-09-18 15:06:40,cpu.cpu3_softirqs,SCHED,3.0662722
2019-09-18 15:00:00,cpu.cpu3_softirqs,SCHED,7.8349991
2019-09-18 14:53:20,cpu.cpu3_softirqs,SCHED,9.2794466
2019-09-18 14:46:40,cpu.cpu3_softirqs,SCHED,11.4707149
2019-09-18 14:40:00,cpu.cpu3_softirqs,SCHED,9.8719509
2019-09-18 15:33:20,cpu.cpu3_softirqs,RCU,6.7599556
2019-09-18 15:26:40,cpu.cpu3_softirqs,RCU,4.8882472
2019-09-18 15:20:00,cpu.cpu3_softirqs,RCU,4.5842956
2019-09-18 15:13:20,cpu.cpu3_softirqs,RCU,7.5044322
2019-09-18 15:06:40,cpu.cpu3_softirqs,RCU,2.8387722
2019-09-18 15:00:00,cpu.cpu3_softirqs,RCU,6.0632255
2019-09-18 14:53:20,cpu.cpu3_softirqs,RCU,7.7214801
2019-09-18 14:46:40,cpu.cpu3_softirqs,RCU,8.9976653
2019-09-18 14:40:00,cpu.cpu3_softirqs,RCU,7.7909344
2019-09-18 15:33:20,cpu.cpu2_softirqs,TIMER,5.6599111
2019-09-18 15:26:40,cpu.cpu2_softirqs,TIMER,8.0875016
2019-09-18 15:20:00,cpu.cpu2_softirqs,TIMER,10.1583603
2019-09-18 15:13:20,cpu.cpu2_softirqs,TIMER,7.4840935
2019-09-18 15:06:40,cpu.cpu2_softirqs,TIMER,9.5881153
2019-09-18 15:00:00,cpu.cpu2_softirqs,TIMER,12.8093412
2019-09-18 14:53:20,cpu.cpu2_softirqs,TIMER,9.8950163
2019-09-18 14:46:40,cpu.cpu2_softirqs,TIMER,10.0538214
2019-09-18 14:40:00,cpu.cpu2_softirqs,TIMER,8.6060148
2019-09-18 15:33:20,cpu.cpu2_softirqs,NET_RX,0.23
2019-09-18 15:26:40,cpu.cpu2_softirqs,NET_RX,0.1225
2019-09-18 15:20:00,cpu.cpu2_softirqs,NET_RX,2.235
2019-09-18 15:13:20,cpu.cpu2_softirqs,NET_RX,0.2075
2019-09-18 15:06:40,cpu.cpu2_softirqs,NET_RX,0.17
2019-09-18 15:00:00,cpu.cpu2_softirqs,NET_RX,0.7619707
2019-09-18 14:53:20,cpu.cpu2_softirqs,NET_RX,0.18
2019-09-18 14:46:40,cpu.cpu2_softirqs,NET_RX,0.07
2019-09-18 14:40:00,cpu.cpu2_softirqs,NET_RX,0.0225
2019-09-18 15:33:20,cpu.cpu2_softirqs,SCHED,5.7424111
2019-09-18 15:26:40,cpu.cpu2_softirqs,SCHED,8.2200016
2019-09-18 15:20:00,cpu.cpu2_softirqs,SCHED,10.2558604
2019-09-18 15:13:20,cpu.cpu2_softirqs,SCHED,7.6165936
2019-09-18 15:06:40,cpu.cpu2_softirqs,SCHED,9.7481153
2019-09-18 15:00:00,cpu.cpu2_softirqs,SCHED,13.0345173
2019-09-18 14:53:20,cpu.cpu2_softirqs,SCHED,10.0735325
2019-09-18 14:46:40,cpu.cpu2_softirqs,SCHED,10.2842889
2019-09-18 14:40:00,cpu.cpu2_softirqs,SCHED,8.8680474
2019-09-18 15:33:20,cpu.cpu2_softirqs,RCU,4.7911834
2019-09-18 15:26:40,cpu.cpu2_softirqs,RCU,6.7543434
2019-09-18 15:20:00,cpu.cpu2_softirqs,RCU,8.3609054
2019-09-18 15:13:20,cpu.cpu2_softirqs,RCU,6.3334345
2019-09-18 15:06:40,cpu.cpu2_softirqs,RCU,8.0056593
2019-09-18 15:00:00,cpu.cpu2_softirqs,RCU,10.6117678
2019-09-18 14:53:20,cpu.cpu2_softirqs,RCU,8.7546124
2019-09-18 14:46:40,cpu.cpu2_softirqs,RCU,8.5923377
2019-09-18 14:40:00,cpu.cpu2_softirqs,RCU,7.3530477
2019-09-18 15:33:20,cpu.cpu1_softirqs,TIMER,9.9531139
2019-09-18 15:26:40,cpu.cpu1_softirqs,TIMER,7.7043871
2019-09-18 15:20:00,cpu.cpu1_softirqs,TIMER,8.6811568
2019-09-18 15:13:20,cpu.cpu1_softirqs,TIMER,8.9313866
2019-09-18 15:06:40,cpu.cpu1_softirqs,TIMER,5.1600001
2019-09-18 15:00:00,cpu.cpu1_softirqs,TIMER,5.9489169
2019-09-18 14:53:20,cpu.cpu1_softirqs,TIMER,8.4928823
2019-09-18 14:46:40,cpu.cpu1_softirqs,TIMER,8.7011009
2019-09-18 14:40:00,cpu.cpu1_softirqs,TIMER,9.1825814
2019-09-18 15:33:20,cpu.cpu1_softirqs,NET_RX,0.1025
2019-09-18 15:26:40,cpu.cpu1_softirqs,NET_RX,0.3012282
2019-09-18 15:20:00,cpu.cpu1_softirqs,NET_RX,0.8762718
2019-09-18 15:13:20,cpu.cpu1_softirqs,NET_RX,0.13
2019-09-18 15:06:40,cpu.cpu1_softirqs,NET_RX,0.0575
2019-09-18 15:00:00,cpu.cpu1_softirqs,NET_RX,0.6981839
2019-09-18 14:53:20,cpu.cpu1_softirqs,NET_RX,0.2885162
2019-09-18 14:46:40,cpu.cpu1_softirqs,NET_RX,0.2379674
2019-09-18 14:40:00,cpu.cpu1_softirqs,NET_RX,0.3345326
2019-09-18 15:33:20,cpu.cpu1_softirqs,TASKLET,0.0
2019-09-18 15:26:40,cpu.cpu1_softirqs,TASKLET,0.0
2019-09-18 15:20:00,cpu.cpu1_softirqs,TASKLET,0.0
2019-09-18 15:13:20,cpu.cpu1_softirqs,TASKLET,0.0
2019-09-18 15:06:40,cpu.cpu1_softirqs,TASKLET,0.0
2019-09-18 15:00:00,cpu.cpu1_softirqs,TASKLET,0.0
2019-09-18 14:53:20,cpu.cpu1_softirqs,TASKLET,
2019-09-18 14:46:40,cpu.cpu1_softirqs,TASKLET,
2019-09-18 14:40:00,cpu.cpu1_softirqs,TASKLET,
2019-09-18 15:33:20,cpu.cpu1_softirqs,SCHED,10.0237278
2019-09-18 15:26:40,cpu.cpu1_softirqs,SCHED,7.8937732
2019-09-18 15:20:00,cpu.cpu1_softirqs,SCHED,8.8011568
2019-09-18 15:13:20,cpu.cpu1_softirqs,SCHED,9.0538867
2019-09-18 15:06:40,cpu.cpu1_softirqs,SCHED,5.2800001
2019-09-18 15:00:00,cpu.cpu1_softirqs,SCHED,5.914453
2019-09-18 14:53:20,cpu.cpu1_softirqs,SCHED,8.7428819
2019-09-18 14:46:40,cpu.cpu1_softirqs,SCHED,8.9746173
2019-09-18 14:40:00,cpu.cpu1_softirqs,SCHED,9.431565
2019-09-18 15:33:20,cpu.cpu1_softirqs,RCU,8.5537278
2019-09-18 15:26:40,cpu.cpu1_softirqs,RCU,6.3425451
2019-09-18 15:20:00,cpu.cpu1_softirqs,RCU,7.0792713
2019-09-18 15:13:20,cpu.cpu1_softirqs,RCU,7.9420003
2019-09-18 15:06:40,cpu.cpu1_softirqs,RCU,4.4300001
2019-09-18 15:00:00,cpu.cpu1_softirqs,RCU,5.444016
2019-09-18 14:53:20,cpu.cpu1_softirqs,RCU,7.5619482
2019-09-18 14:46:40,cpu.cpu1_softirqs,RCU,7.6065674
2019-09-18 14:40:00,cpu.cpu1_softirqs,RCU,8.324065
2019-09-18 15:33:20,cpu.cpu0_softirqs,TIMER,6.7025445
2019-09-18 15:26:40,cpu.cpu0_softirqs,TIMER,9.4917116
2019-09-18 15:20:00,cpu.cpu0_softirqs,TIMER,13.8409228
2019-09-18 15:13:20,cpu.cpu0_softirqs,TIMER,10.6466629
2019-09-18 15:06:40,cpu.cpu0_softirqs,TIMER,12.211887
2019-09-18 15:00:00,cpu.cpu0_softirqs,TIMER,12.9297266
2019-09-18 14:53:20,cpu.cpu0_softirqs,TIMER,10.9845278
2019-09-18 14:46:40,cpu.cpu0_softirqs,TIMER,11.1333565
2019-09-18 14:40:00,cpu.cpu0_softirqs,TIMER,12.4920302
2019-09-18 15:33:20,cpu.cpu0_softirqs,NET_RX,0.1975
2019-09-18 15:26:40,cpu.cpu0_softirqs,NET_RX,0.1175
2019-09-18 15:20:00,cpu.cpu0_softirqs,NET_RX,0.3375
2019-09-18 15:13:20,cpu.cpu0_softirqs,NET_RX,0.275
2019-09-18 15:06:40,cpu.cpu0_softirqs,NET_RX,0.1825
2019-09-18 15:00:00,cpu.cpu0_softirqs,NET_RX,0.9085003
2019-09-18 14:53:20,cpu.cpu0_softirqs,NET_RX,0.4375
2019-09-18 14:46:40,cpu.cpu0_softirqs,NET_RX,0.2275
2019-09-18 14:40:00,cpu.cpu0_softirqs,NET_RX,0.1075
2019-09-18 15:33:20,cpu.cpu0_softirqs,SCHED,6.8050446
2019-09-18 15:26:40,cpu.cpu0_softirqs,SCHED,9.6367117
2019-09-18 15:20:00,cpu.cpu0_softirqs,SCHED,13.812241
2019-09-18 15:13:20,cpu.cpu0_softirqs,SCHED,10.7603447
2019-09-18 15:06:40,cpu.cpu0_softirqs,SCHED,12.376887
2019-09-18 15:00:00,cpu.cpu0_softirqs,SCHED,13.204791
2019-09-18 14:53:20,cpu.cpu0_softirqs,SCHED,11.3045278
2019-09-18 14:46:40,cpu.cpu0_softirqs,SCHED,11.5608565
2019-09-18 14:40:00,cpu.cpu0_softirqs,SCHED,12.8095302
2019-09-18 15:33:20,cpu.cpu0_softirqs,RCU,5.2769306
2019-09-18 15:26:40,cpu.cpu0_softirqs,RCU,8.0205269
2019-09-18 15:20:00,cpu.cpu0_softirqs,RCU,11.9378123
2019-09-18 15:13:20,cpu.cpu0_softirqs,RCU,8.8197301
2019-09-18 15:06:40,cpu.cpu0_softirqs,RCU,9.6975007
2019-09-18 15:00:00,cpu.cpu0_softirqs,RCU,10.3565939
2019-09-18 14:53:20,cpu.cpu0_softirqs,RCU,9.2360116
2019-09-18 14:46:40,cpu.cpu0_softirqs,RCU,9.4184379
2019-09-18 14:40:00,cpu.cpu0_softirqs,RCU,10.8104652
2019-09-18 15:33:20,cpu.cpu3_interrupts,virtio1-input.3_31,0.6325
2019-09-18 15:26:40,cpu.cpu3_interrupts,virtio1-input.3_31,0.385
2019-09-18 15:20:00,cpu.cpu3_interrupts,virtio1-input.3_31,0.9225
2019-09-18 15:13:20,cpu.cpu3_interrupts,virtio1-input.3_31,2.985
2019-09-18 15:06:40,cpu.cpu3_interrupts,virtio1-input.3_31,0.0525
2019-09-18 15:00:00,cpu.cpu3_interrupts,virtio1-input.3_31,3.15598
2019-09-18 14:53:20,cpu.cpu3_interrupts,virtio1-input.3_31,1.2980087
2019-09-18 14:46:40,cpu.cpu3_interrupts,virtio1-input.3_31,6.355
2019-09-18 14:40:00,cpu.cpu3_interrupts,virtio1-input.3_31,4.0424999
2019-09-18 15:33:20,cpu.cpu3_interrupts,virtio1-output.3_32,0.3025
2019-09-18 15:26:40,cpu.cpu3_interrupts,virtio1-output.3_32,0.2525
2019-09-18 15:20:00,cpu.cpu3_interrupts,virtio1-output.3_32,0.6375
2019-09-18 15:13:20,cpu.cpu3_interrupts,virtio1-output.3_32,1.5125
2019-09-18 15:06:40,cpu.cpu3_interrupts,virtio1-output.3_32,0.0475
2019-09-18 15:00:00,cpu.cpu3_interrupts,virtio1-output.3_32,1.7401735
2019-09-18 14:53:20,cpu.cpu3_interrupts,virtio1-output.3_32,0.7787809
2019-09-18 14:46:40,cpu.cpu3_interrupts,virtio1-output.3_32,4.985
2019-09-18 14:40:00,cpu.cpu3_interrupts,virtio1-output.3_32,2.6
2019-09-18 15:33:20,cpu.cpu3_interrupts,LOC,21.352532
2019-09-18 15:26:40,cpu.cpu3_interrupts,LOC,32.2669886
2019-09-18 15:20:00,cpu.cpu3_interrupts,LOC,29.1393137
2019-09-18 15:13:20,cpu.cpu3_interrupts,LOC,19.2106413
2019-09-18 15:06:40,cpu.cpu3_interrupts,LOC,18.4550448
2019-09-18 15:00:00,cpu.cpu3_interrupts,LOC,33.0082152
2019-09-18 14:53:20,cpu.cpu3_interrupts,LOC,24.4593631
2019-09-18 14:46:40,cpu.cpu3_interrupts,LOC,24.6429478
2019-09-18 14:40:00,cpu.cpu3_interrupts,LOC,34.0819453
2019-09-18 15:33:20,cpu.cpu3_interrupts,RES,2.8012723
2019-09-18 15:26:40,cpu.cpu3_interrupts,RES,3.1937282
2019-09-18 15:20:00,cpu.cpu3_interrupts,RES,3.4412715
2019-09-18 15:13:20,cpu.cpu3_interrupts,RES,4.2774556
2019-09-18 15:06:40,cpu.cpu3_interrupts,RES,3.5562727
2019-09-18 15:00:00,cpu.cpu3_interrupts,RES,5.8066447
2019-09-18 14:53:20,cpu.cpu3_interrupts,RES,7.9877626
2019-09-18 14:46:40,cpu.cpu3_interrupts,RES,11.9339851
2019-09-18 14:40:00,cpu.cpu3_interrupts,RES,8.7630487
2019-09-18 15:33:20,cpu.cpu3_interrupts,CAL,0.2475
2019-09-18 15:26:40,cpu.cpu3_interrupts,CAL,0.37
2019-09-18 15:20:00,cpu.cpu3_interrupts,CAL,0.53
2019-09-18 15:13:20,cpu.cpu3_interrupts,CAL,0.4375
2019-09-18 15:06:40,cpu.cpu3_interrupts,CAL,0.28
2019-09-18 15:00:00,cpu.cpu3_interrupts,CAL,0.7197947
2019-09-18 14:53:20,cpu.cpu3_interrupts,CAL,0.2535163
2019-09-18 14:46:40,cpu.cpu3_interrupts,CAL,0.3725
2019-09-18 14:40:00,cpu.cpu3_interrupts,CAL,0.4314835
2019-09-18 15:33:20,cpu.cpu3_interrupts,TLB,0.2475
2019-09-18 15:26:40,cpu.cpu3_interrupts,TLB,0.37
2019-09-18 15:20:00,cpu.cpu3_interrupts,TLB,0.5075
2019-09-18 15:13:20,cpu.cpu3_interrupts,TLB,0.4175
2019-09-18 15:06:40,cpu.cpu3_interrupts,TLB,0.28
2019-09-18 15:00:00,cpu.cpu3_interrupts,TLB,0.7120826
2019-09-18 14:53:20,cpu.cpu3_interrupts,TLB,0.2460163
2019-09-18 14:46:40,cpu.cpu3_interrupts,TLB,0.3725
2019-09-18 14:40:00,cpu.cpu3_interrupts,TLB,0.4314835
2019-09-18 15:33:20,cpu.cpu3_interrupts,MCP,0.0025
2019-09-18 15:26:40,cpu.cpu3_interrupts,MCP,0.005
2019-09-18 15:20:00,cpu.cpu3_interrupts,MCP,0.0025
2019-09-18 15:13:20,cpu.cpu3_interrupts,MCP,0.0025
2019-09-18 15:06:40,cpu.cpu3_interrupts,MCP,0.005
2019-09-18 15:00:00,cpu.cpu3_interrupts,MCP,0.0
2019-09-18 14:53:20,cpu.cpu3_interrupts,MCP,0.005
2019-09-18 14:46:40,cpu.cpu3_interrupts,MCP,0.0025
2019-09-18 14:40:00,cpu.cpu3_interrupts,MCP,0.0025
2019-09-18 15:33:20,cpu.cpu2_interrupts,virtio1-input.2_29,0.2375
2019-09-18 15:26:40,cpu.cpu2_interrupts,virtio1-input.2_29,0.1175
2019-09-18 15:20:00,cpu.cpu2_interrupts,virtio1-input.2_29,2.08
2019-09-18 15:13:20,cpu.cpu2_interrupts,virtio1-input.2_29,0.2025
2019-09-18 15:06:40,cpu.cpu2_interrupts,virtio1-input.2_29,0.1825
2019-09-18 15:00:00,cpu.cpu2_interrupts,virtio1-input.2_29,0.7671122
2019-09-18 14:53:20,cpu.cpu2_interrupts,virtio1-input.2_29,0.1825
2019-09-18 14:46:40,cpu.cpu2_interrupts,virtio1-input.2_29,0.0725
2019-09-18 14:40:00,cpu.cpu2_interrupts,virtio1-input.2_29,0.0025
2019-09-18 15:33:20,cpu.cpu2_interrupts,virtio1-output.2_30,0.1225
2019-09-18 15:26:40,cpu.cpu2_interrupts,virtio1-output.2_30,0.1275
2019-09-18 15:20:00,cpu.cpu2_interrupts,virtio1-output.2_30,1.0075001
2019-09-18 15:13:20,cpu.cpu2_interrupts,virtio1-output.2_30,0.1525
2019-09-18 15:06:40,cpu.cpu2_interrupts,virtio1-output.2_30,0.085
2019-09-18 15:00:00,cpu.cpu2_interrupts,virtio1-output.2_30,0.529563
2019-09-18 14:53:20,cpu.cpu2_interrupts,virtio1-output.2_30,0.145
2019-09-18 14:46:40,cpu.cpu2_interrupts,virtio1-output.2_30,0.285
2019-09-18 14:40:00,cpu.cpu2_interrupts,virtio1-output.2_30,0.06
2019-09-18 15:33:20,cpu.cpu2_interrupts,LOC,22.3505689
2019-09-18 15:26:40,cpu.cpu2_interrupts,LOC,21.4150006
2019-09-18 15:20:00,cpu.cpu2_interrupts,LOC,24.7351991
2019-09-18 15:13:20,cpu.cpu2_interrupts,LOC,29.5915973
2019-09-18 15:06:40,cpu.cpu2_interrupts,LOC,21.6743878
2019-09-18 15:00:00,cpu.cpu2_interrupts,LOC,26.7288658
2019-09-18 14:53:20,cpu.cpu2_interrupts,LOC,28.2797375
2019-09-18 14:46:40,cpu.cpu2_interrupts,LOC,31.6241027
2019-09-18 14:40:00,cpu.cpu2_interrupts,LOC,24.2149981
2019-09-18 15:33:20,cpu.cpu2_interrupts,RES,3.0856138
2019-09-18 15:26:40,cpu.cpu2_interrupts,RES,2.8368866
2019-09-18 15:20:00,cpu.cpu2_interrupts,RES,3.4774533
2019-09-18 15:13:20,cpu.cpu2_interrupts,RES,4.4881601
2019-09-18 15:06:40,cpu.cpu2_interrupts,RES,2.3718864
2019-09-18 15:00:00,cpu.cpu2_interrupts,RES,5.3562138
2019-09-18 14:53:20,cpu.cpu2_interrupts,RES,6.6559537
2019-09-18 14:46:40,cpu.cpu2_interrupts,RES,10.0050016
2019-09-18 14:40:00,cpu.cpu2_interrupts,RES,8.2374993
2019-09-18 15:33:20,cpu.cpu2_interrupts,CAL,0.4625
2019-09-18 15:26:40,cpu.cpu2_interrupts,CAL,0.3393862
2019-09-18 15:20:00,cpu.cpu2_interrupts,CAL,0.1975
2019-09-18 15:13:20,cpu.cpu2_interrupts,CAL,0.4275
2019-09-18 15:06:40,cpu.cpu2_interrupts,CAL,0.1675
2019-09-18 15:00:00,cpu.cpu2_interrupts,CAL,0.1953728
2019-09-18 14:53:20,cpu.cpu2_interrupts,CAL,0.2775
2019-09-18 14:46:40,cpu.cpu2_interrupts,CAL,0.215
2019-09-18 14:40:00,cpu.cpu2_interrupts,CAL,0.2125
2019-09-18 15:33:20,cpu.cpu2_interrupts,TLB,0.4625
2019-09-18 15:26:40,cpu.cpu2_interrupts,TLB,0.3393862
2019-09-18 15:20:00,cpu.cpu2_interrupts,TLB,0.175
2019-09-18 15:13:20,cpu.cpu2_interrupts,TLB,0.4025
2019-09-18 15:06:40,cpu.cpu2_interrupts,TLB,0.1675
2019-09-18 15:00:00,cpu.cpu2_interrupts,TLB,0.1876607
2019-09-18 14:53:20,cpu.cpu2_interrupts,TLB,0.27
2019-09-18 14:46:40,cpu.cpu2_interrupts,TLB,0.215
2019-09-18 14:40:00,cpu.cpu2_interrupts,TLB,0.2125
2019-09-18 15:33:20,cpu.cpu2_interrupts,MCP,0.0025
2019-09-18 15:26:40,cpu.cpu2_interrupts,MCP,0.005
2019-09-18 15:20:00,cpu.cpu2_interrupts,MCP,0.0025
2019-09-18 15:13:20,cpu.cpu2_interrupts,MCP,0.0025
2019-09-18 15:06:40,cpu.cpu2_interrupts,MCP,0.005
2019-09-18 15:00:00,cpu.cpu2_interrupts,MCP,0.0
2019-09-18 14:53:20,cpu.cpu2_interrupts,MCP,0.005
2019-09-18 14:46:40,cpu.cpu2_interrupts,MCP,0.0025
2019-09-18 14:40:00,cpu.cpu2_interrupts,MCP,0.0025
2019-09-18 15:33:20,cpu.cpu1_interrupts,virtio1-input.1_27,0.095
2019-09-18 15:26:40,cpu.cpu1_interrupts,virtio1-input.1_27,0.308728
2019-09-18 15:20:00,cpu.cpu1_interrupts,virtio1-input.1_27,0.773772
2019-09-18 15:13:20,cpu.cpu1_interrupts,virtio1-input.1_27,0.13
2019-09-18 15:06:40,cpu.cpu1_interrupts,virtio1-input.1_27,0.0575
2019-09-18 15:00:00,cpu.cpu1_interrupts,virtio1-input.1_27,0.7161786
2019-09-18 14:53:20,cpu.cpu1_interrupts,virtio1-input.1_27,0.2935163
2019-09-18 14:46:40,cpu.cpu1_interrupts,virtio1-input.1_27,0.2429672
2019-09-18 14:40:00,cpu.cpu1_interrupts,virtio1-input.1_27,0.3170328
2019-09-18 15:33:20,cpu.cpu1_interrupts,virtio1-output.1_28,0.2225
2019-09-18 15:26:40,cpu.cpu1_interrupts,virtio1-output.1_28,0.243114
2019-09-18 15:20:00,cpu.cpu1_interrupts,virtio1-output.1_28,0.616886
2019-09-18 15:13:20,cpu.cpu1_interrupts,virtio1-output.1_28,0.1425
2019-09-18 15:06:40,cpu.cpu1_interrupts,virtio1-output.1_28,0.0675
2019-09-18 15:00:00,cpu.cpu1_interrupts,virtio1-output.1_28,0.6699061
2019-09-18 14:53:20,cpu.cpu1_interrupts,virtio1-output.1_28,0.2310163
2019-09-18 14:46:40,cpu.cpu1_interrupts,virtio1-output.1_28,0.2764836
2019-09-18 14:40:00,cpu.cpu1_interrupts,virtio1-output.1_28,0.2960164
2019-09-18 15:33:20,cpu.cpu1_interrupts,LOC,26.3274235
2019-09-18 15:26:40,cpu.cpu1_interrupts,LOC,21.4087742
2019-09-18 15:20:00,cpu.cpu1_interrupts,LOC,23.3830367
2019-09-18 15:13:20,cpu.cpu1_interrupts,LOC,21.0283556
2019-09-18 15:06:40,cpu.cpu1_interrupts,LOC,27.1892651
2019-09-18 15:00:00,cpu.cpu1_interrupts,LOC,18.6581488
2019-09-18 14:53:20,cpu.cpu1_interrupts,LOC,29.6986963
2019-09-18 14:46:40,cpu.cpu1_interrupts,LOC,26.4855524
2019-09-18 14:40:00,cpu.cpu1_interrupts,LOC,21.9060981
2019-09-18 15:33:20,cpu.cpu1_interrupts,RES,2.9231138
2019-09-18 15:26:40,cpu.cpu1_interrupts,RES,3.3100006
2019-09-18 15:20:00,cpu.cpu1_interrupts,RES,4.3023613
2019-09-18 15:13:20,cpu.cpu1_interrupts,RES,4.5901382
2019-09-18 15:06:40,cpu.cpu1_interrupts,RES,3.0243864
2019-09-18 15:00:00,cpu.cpu1_interrupts,RES,7.9296442
2019-09-18 14:53:20,cpu.cpu1_interrupts,RES,7.2982096
2019-09-18 14:46:40,cpu.cpu1_interrupts,RES,12.0470345
2019-09-18 14:40:00,cpu.cpu1_interrupts,RES,9.1034335
2019-09-18 15:33:20,cpu.cpu1_interrupts,CAL,0.1575
2019-09-18 15:26:40,cpu.cpu1_interrupts,CAL,0.368114
2019-09-18 15:20:00,cpu.cpu1_interrupts,CAL,0.414386
2019-09-18 15:13:20,cpu.cpu1_interrupts,CAL,0.2481138
2019-09-18 15:06:40,cpu.cpu1_interrupts,CAL,0.6700001
2019-09-18 15:00:00,cpu.cpu1_interrupts,CAL,0.341271
2019-09-18 14:53:20,cpu.cpu1_interrupts,CAL,0.3625
2019-09-18 14:46:40,cpu.cpu1_interrupts,CAL,0.2739836
2019-09-18 14:40:00,cpu.cpu1_interrupts,CAL,0.2460164
2019-09-18 15:33:20,cpu.cpu1_interrupts,TLB,0.1575
2019-09-18 15:26:40,cpu.cpu1_interrupts,TLB,0.368114
2019-09-18 15:20:00,cpu.cpu1_interrupts,TLB,0.391886
2019-09-18 15:13:20,cpu.cpu1_interrupts,TLB,0.2231138
2019-09-18 15:06:40,cpu.cpu1_interrupts,TLB,0.6700001
2019-09-18 15:00:00,cpu.cpu1_interrupts,TLB,0.3335589
2019-09-18 14:53:20,cpu.cpu1_interrupts,TLB,0.3575
2019-09-18 14:46:40,cpu.cpu1_interrupts,TLB,0.2739836
2019-09-18 14:40:00,cpu.cpu1_interrupts,TLB,0.2460164
2019-09-18 15:33:20,cpu.cpu1_interrupts,MCP,0.0025
2019-09-18 15:26:40,cpu.cpu1_interrupts,MCP,0.005
2019-09-18 15:20:00,cpu.cpu1_interrupts,MCP,0.0025
2019-09-18 15:13:20,cpu.cpu1_interrupts,MCP,0.0025
2019-09-18 15:06:40,cpu.cpu1_interrupts,MCP,0.005
2019-09-18 15:00:00,cpu.cpu1_interrupts,MCP,0.0
2019-09-18 14:53:20,cpu.cpu1_interrupts,MCP,0.005
2019-09-18 14:46:40,cpu.cpu1_interrupts,MCP,0.0025
2019-09-18 14:40:00,cpu.cpu1_interrupts,MCP,0.0025
2019-09-18 15:33:20,cpu.cpu0_interrupts,timer_0,0.0
2019-09-18 15:26:40,cpu.cpu0_interrupts,timer_0,0.0
2019-09-18 15:20:00,cpu.cpu0_interrupts,timer_0,0.0
2019-09-18 15:13:20,cpu.cpu0_interrupts,timer_0,0.0
2019-09-18 15:06:40,cpu.cpu0_interrupts,timer_0,0.0
2019-09-18 15:00:00,cpu.cpu0_interrupts,timer_0,0.0
2019-09-18 14:53:20,cpu.cpu0_interrupts,timer_0,0.0
2019-09-18 14:46:40,cpu.cpu0_interrupts,timer_0,0.0
2019-09-18 14:40:00,cpu.cpu0_interrupts,timer_0,0.0
2019-09-18 15:33:20,cpu.cpu0_interrupts,i8042_1,0.0
2019-09-18 15:26:40,cpu.cpu0_interrupts,i8042_1,0.0
2019-09-18 15:20:00,cpu.cpu0_interrupts,i8042_1,0.0
2019-09-18 15:13:20,cpu.cpu0_interrupts,i8042_1,0.0
2019-09-18 15:06:40,cpu.cpu0_interrupts,i8042_1,0.0
2019-09-18 15:00:00,cpu.cpu0_interrupts,i8042_1,0.0
2019-09-18 14:53:20,cpu.cpu0_interrupts,i8042_1,0.0
2019-09-18 14:46:40,cpu.cpu0_interrupts,i8042_1,0.0
2019-09-18 14:40:00,cpu.cpu0_interrupts,i8042_1,0.0
2019-09-18 15:33:20,cpu.cpu0_interrupts,serial_4,0.0
2019-09-18 15:26:40,cpu.cpu0_interrupts,serial_4,0.085
2019-09-18 15:20:00,cpu.cpu0_interrupts,serial_4,0.065
2019-09-18 15:13:20,cpu.cpu0_interrupts,serial_4,0.12
2019-09-18 15:06:40,cpu.cpu0_interrupts,serial_4,0.0
2019-09-18 15:00:00,cpu.cpu0_interrupts,serial_4,0.1825193
2019-09-18 14:53:20,cpu.cpu0_interrupts,serial_4,0.0
2019-09-18 14:46:40,cpu.cpu0_interrupts,serial_4,0.085
2019-09-18 14:40:00,cpu.cpu0_interrupts,serial_4,0.0
2019-09-18 15:33:20,cpu.cpu0_interrupts,rtc0_8,0.0
2019-09-18 15:26:40,cpu.cpu0_interrupts,rtc0_8,0.0
2019-09-18 15:20:00,cpu.cpu0_interrupts,rtc0_8,0.0
2019-09-18 15:13:20,cpu.cpu0_interrupts,rtc0_8,0.0
2019-09-18 15:06:40,cpu.cpu0_interrupts,rtc0_8,0.0
2019-09-18 15:00:00,cpu.cpu0_interrupts,rtc0_8,0.0
2019-09-18 14:53:20,cpu.cpu0_interrupts,rtc0_8,0.0
2019-09-18 14:46:40,cpu.cpu0_interrupts,rtc0_8,0.0
2019-09-18 14:40:00,cpu.cpu0_interrupts,rtc0_8,0.0
2019-09-18 15:33:20,cpu.cpu0_interrupts,i8042_12,0.0
2019-09-18 15:26:40,cpu.cpu0_interrupts,i8042_12,0.0
2019-09-18 15:20:00,cpu.cpu0_interrupts,i8042_12,0.0
2019-09-18 15:13:20,cpu.cpu0_interrupts,i8042_12,0.0
2019-09-18 15:06:40,cpu.cpu0_interrupts,i8042_12,0.0
2019-09-18 15:00:00,cpu.cpu0_interrupts,i8042_12,0.0
2019-09-18 14:53:20,cpu.cpu0_interrupts,i8042_12,0.0
2019-09-18 14:46:40,cpu.cpu0_interrupts,i8042_12,0.0
2019-09-18 14:40:00,cpu.cpu0_interrupts,i8042_12,0.0
2019-09-18 15:33:20,cpu.cpu0_interrupts,virtio1-input.0_25,0.1925
2019-09-18 15:26:40,cpu.cpu0_interrupts,virtio1-input.0_25,0.1175
2019-09-18 15:20:00,cpu.cpu0_interrupts,virtio1-input.0_25,0.235
2019-09-18 15:13:20,cpu.cpu0_interrupts,virtio1-input.0_25,0.24
2019-09-18 15:06:40,cpu.cpu0_interrupts,virtio1-input.0_25,0.1825
2019-09-18 15:00:00,cpu.cpu0_interrupts,virtio1-input.0_25,0.9239246
2019-09-18 14:53:20,cpu.cpu0_interrupts,virtio1-input.0_25,0.445
2019-09-18 14:46:40,cpu.cpu0_interrupts,virtio1-input.0_25,0.22
2019-09-18 14:40:00,cpu.cpu0_interrupts,virtio1-input.0_25,0.0975
2019-09-18 15:33:20,cpu.cpu0_interrupts,virtio1-output.0_26,0.1675
2019-09-18 15:26:40,cpu.cpu0_interrupts,virtio1-output.0_26,0.1175
2019-09-18 15:20:00,cpu.cpu0_interrupts,virtio1-output.0_26,0.2025
2019-09-18 15:13:20,cpu.cpu0_interrupts,virtio1-output.0_26,0.245
2019-09-18 15:06:40,cpu.cpu0_interrupts,virtio1-output.0_26,0.1775
2019-09-18 15:00:00,cpu.cpu0_interrupts,virtio1-output.0_26,0.7830169
2019-09-18 14:53:20,cpu.cpu0_interrupts,virtio1-output.0_26,0.3070327
2019-09-18 14:46:40,cpu.cpu0_interrupts,virtio1-output.0_26,0.57
2019-09-18 14:40:00,cpu.cpu0_interrupts,virtio1-output.0_26,0.1275
2019-09-18 15:33:20,cpu.cpu0_interrupts,virtio1-input.1_27,0.0
2019-09-18 15:26:40,cpu.cpu0_interrupts,virtio1-input.1_27,0.0
2019-09-18 15:20:00,cpu.cpu0_interrupts,virtio1-input.1_27,0.0
2019-09-18 15:13:20,cpu.cpu0_interrupts,virtio1-input.1_27,0.0
2019-09-18 15:06:40,cpu.cpu0_interrupts,virtio1-input.1_27,0.0
2019-09-18 15:00:00,cpu.cpu0_interrupts,virtio1-input.1_27,0.0
2019-09-18 14:53:20,cpu.cpu0_interrupts,virtio1-input.1_27,0.0
2019-09-18 14:46:40,cpu.cpu0_interrupts,virtio1-input.1_27,0.0
2019-09-18 14:40:00,cpu.cpu0_interrupts,virtio1-input.1_27,0.0
2019-09-18 15:33:20,cpu.cpu0_interrupts,virtio1-output.1_28,0.0
2019-09-18 15:26:40,cpu.cpu0_interrupts,virtio1-output.1_28,0.0
2019-09-18 15:20:00,cpu.cpu0_interrupts,virtio1-output.1_28,0.0
2019-09-18 15:13:20,cpu.cpu0_interrupts,virtio1-output.1_28,0.0
2019-09-18 15:06:40,cpu.cpu0_interrupts,virtio1-output.1_28,0.0
2019-09-18 15:00:00,cpu.cpu0_interrupts,virtio1-output.1_28,0.0
2019-09-18 14:53:20,cpu.cpu0_interrupts,virtio1-output.1_28,0.0
2019-09-18 14:46:40,cpu.cpu0_interrupts,virtio1-output.1_28,0.0
2019-09-18 14:40:00,cpu.cpu0_interrupts,virtio1-output.1_28,0.0
2019-09-18 15:33:20,cpu.cpu0_interrupts,virtio1-input.2_29,0.0
2019-09-18 15:26:40,cpu.cpu0_interrupts,virtio1-input.2_29,0.0
2019-09-18 15:20:00,cpu.cpu0_interrupts,virtio1-input.2_29,0.0
2019-09-18 15:13:20,cpu.cpu0_interrupts,virtio1-input.2_29,0.0
2019-09-18 15:06:40,cpu.cpu0_interrupts,virtio1-input.2_29,0.0
2019-09-18 15:00:00,cpu.cpu0_interrupts,virtio1-input.2_29,0.0
2019-09-18 14:53:20,cpu.cpu0_interrupts,virtio1-input.2_29,0.0
2019-09-18 14:46:40,cpu.cpu0_interrupts,virtio1-input.2_29,0.0
2019-09-18 14:40:00,cpu.cpu0_interrupts,virtio1-input.2_29,0.0
2019-09-18 15:33:20,cpu.cpu0_interrupts,virtio1-output.2_30,0.0
2019-09-18 15:26:40,cpu.cpu0_interrupts,virtio1-output.2_30,0.0
2019-09-18 15:20:00,cpu.cpu0_interrupts,virtio1-output.2_30,0.0
2019-09-18 15:13:20,cpu.cpu0_interrupts,virtio1-output.2_30,0.0
2019-09-18 15:06:40,cpu.cpu0_interrupts,virtio1-output.2_30,0.0
2019-09-18 15:00:00,cpu.cpu0_interrupts,virtio1-output.2_30,0.0
2019-09-18 14:53:20,cpu.cpu0_interrupts,virtio1-output.2_30,0.0
2019-09-18 14:46:40,cpu.cpu0_interrupts,virtio1-output.2_30,0.0
2019-09-18 14:40:00,cpu.cpu0_interrupts,virtio1-output.2_30,0.0
2019-09-18 15:33:20,cpu.cpu0_interrupts,virtio1-input.3_31,0.0
2019-09-18 15:26:40,cpu.cpu0_interrupts,virtio1-input.3_31,0.0
2019-09-18 15:20:00,cpu.cpu0_interrupts,virtio1-input.3_31,0.0
2019-09-18 15:13:20,cpu.cpu0_interrupts,virtio1-input.3_31,0.0
2019-09-18 15:06:40,cpu.cpu0_interrupts,virtio1-input.3_31,0.0
2019-09-18 15:00:00,cpu.cpu0_interrupts,virtio1-input.3_31,0.0
2019-09-18 14:53:20,cpu.cpu0_interrupts,virtio1-input.3_31,0.0
2019-09-18 14:46:40,cpu.cpu0_interrupts,virtio1-input.3_31,0.0
2019-09-18 14:40:00,cpu.cpu0_interrupts,virtio1-input.3_31,0.0
2019-09-18 15:33:20,cpu.cpu0_interrupts,virtio1-output.3_32,0.0
2019-09-18 15:26:40,cpu.cpu0_interrupts,virtio1-output.3_32,0.0
2019-09-18 15:20:00,cpu.cpu0_interrupts,virtio1-output.3_32,0.0
2019-09-18 15:13:20,cpu.cpu0_interrupts,virtio1-output.3_32,0.0
2019-09-18 15:06:40,cpu.cpu0_interrupts,virtio1-output.3_32,0.0
2019-09-18 15:00:00,cpu.cpu0_interrupts,virtio1-output.3_32,0.0
2019-09-18 14:53:20,cpu.cpu0_interrupts,virtio1-output.3_32,0.0
2019-09-18 14:46:40,cpu.cpu0_interrupts,virtio1-output.3_32,0.0
2019-09-18 14:40:00,cpu.cpu0_interrupts,virtio1-output.3_32,0.0
2019-09-18 15:33:20,cpu.cpu0_interrupts,virtio0-request_36,0.4525
2019-09-18 15:26:40,cpu.cpu0_interrupts,virtio0-request_36,0.4825
2019-09-18 15:20:00,cpu.cpu0_interrupts,virtio0-request_36,7.4120701
2019-09-18 15:13:20,cpu.cpu0_interrupts,virtio0-request_36,5.6129299
2019-09-18 15:06:40,cpu.cpu0_interrupts,virtio0-request_36,0.5675
2019-09-18 15:00:00,cpu.cpu0_interrupts,virtio0-request_36,5.9897173
2019-09-18 14:53:20,cpu.cpu0_interrupts,virtio0-request_36,0.5375
2019-09-18 14:46:40,cpu.cpu0_interrupts,virtio0-request_36,0.5225
2019-09-18 14:40:00,cpu.cpu0_interrupts,virtio0-request_36,0.4975
2019-09-18 15:33:20,cpu.cpu0_interrupts,LOC,25.0356586
2019-09-18 15:26:40,cpu.cpu0_interrupts,LOC,20.424869
2019-09-18 15:20:00,cpu.cpu0_interrupts,LOC,25.3209033
2019-09-18 15:13:20,cpu.cpu0_interrupts,LOC,30.0604102
2019-09-18 15:06:40,cpu.cpu0_interrupts,LOC,25.7625827
2019-09-18 15:00:00,cpu.cpu0_interrupts,LOC,26.4898807
2019-09-18 14:53:20,cpu.cpu0_interrupts,LOC,26.0360922
2019-09-18 14:46:40,cpu.cpu0_interrupts,LOC,28.7043722
2019-09-18 14:40:00,cpu.cpu0_interrupts,LOC,30.0360145
2019-09-18 15:33:20,cpu.cpu0_interrupts,IWI,0.0
2019-09-18 15:26:40,cpu.cpu0_interrupts,IWI,0.0
2019-09-18 15:20:00,cpu.cpu0_interrupts,IWI,0.0
2019-09-18 15:13:20,cpu.cpu0_interrupts,IWI,0.0
2019-09-18 15:06:40,cpu.cpu0_interrupts,IWI,0.0
2019-09-18 15:00:00,cpu.cpu0_interrupts,IWI,0.0
2019-09-18 14:53:20,cpu.cpu0_interrupts,IWI,
2019-09-18 14:46:40,cpu.cpu0_interrupts,IWI,
2019-09-18 14:40:00,cpu.cpu0_interrupts,IWI,
2019-09-18 15:33:20,cpu.cpu0_interrupts,RES,3.7381138
2019-09-18 15:26:40,cpu.cpu0_interrupts,RES,3.3106589
2019-09-18 15:20:00,cpu.cpu0_interrupts,RES,3.354386
2019-09-18 15:13:20,cpu.cpu0_interrupts,RES,5.5387275
2019-09-18 15:06:40,cpu.cpu0_interrupts,RES,2.4050002
2019-09-18 15:00:00,cpu.cpu0_interrupts,RES,5.5838536
2019-09-18 14:53:20,cpu.cpu0_interrupts,RES,5.5266909
2019-09-18 14:46:40,cpu.cpu0_interrupts,RES,9.1535175
2019-09-18 14:40:00,cpu.cpu0_interrupts,RES,8.65945
2019-09-18 15:33:20,cpu.cpu0_interrupts,CAL,0.2925
2019-09-18 15:26:40,cpu.cpu0_interrupts,CAL,0.145
2019-09-18 15:20:00,cpu.cpu0_interrupts,CAL,0.1325
2019-09-18 15:13:20,cpu.cpu0_interrupts,CAL,0.2775
2019-09-18 15:06:40,cpu.cpu0_interrupts,CAL,0.0425
2019-09-18 15:00:00,cpu.cpu0_interrupts,CAL,0.1002571
2019-09-18 14:53:20,cpu.cpu0_interrupts,CAL,0.2514833
2019-09-18 14:46:40,cpu.cpu0_interrupts,CAL,0.3710167
2019-09-18 14:40:00,cpu.cpu0_interrupts,CAL,0.285
2019-09-18 15:33:20,cpu.cpu0_interrupts,TLB,0.2925
2019-09-18 15:26:40,cpu.cpu0_interrupts,TLB,0.145
2019-09-18 15:20:00,cpu.cpu0_interrupts,TLB,0.1325
2019-09-18 15:13:20,cpu.cpu0_interrupts,TLB,0.2725
2019-09-18 15:06:40,cpu.cpu0_interrupts,TLB,0.0425
2019-09-18 15:00:00,cpu.cpu0_interrupts,TLB,0.1002571
2019-09-18 14:53:20,cpu.cpu0_interrupts,TLB,0.2489833
2019-09-18 14:46:40,cpu.cpu0_interrupts,TLB,0.3710167
2019-09-18 14:40:00,cpu.cpu0_interrupts,TLB,0.285
2019-09-18 15:33:20,cpu.cpu0_interrupts,MCP,0.0025
2019-09-18 15:26:40,cpu.cpu0_interrupts,MCP,0.005
2019-09-18 15:20:00,cpu.cpu0_interrupts,MCP,0.0025
2019-09-18 15:13:20,cpu.cpu0_interrupts,MCP,0.0025
2019-09-18 15:06:40,cpu.cpu0_interrupts,MCP,0.005
2019-09-18 15:00:00,cpu.cpu0_interrupts,MCP,0.0
2019-09-18 14:53:20,cpu.cpu0_interrupts,MCP,0.005
2019-09-18 14:46:40,cpu.cpu0_interrupts,MCP,0.0025
2019-09-18 14:40:00,cpu.cpu0_interrupts,MCP,0.0025
2019-09-18 15:33:20,cpu.cpu3_cpuidle,C0 (active),100.0
2019-09-18 15:26:40,cpu.cpu3_cpuidle,C0 (active),100.0
2019-09-18 15:20:00,cpu.cpu3_cpuidle,C0 (active),100.0
2019-09-18 15:13:20,cpu.cpu3_cpuidle,C0 (active),100.0
2019-09-18 15:06:40,cpu.cpu3_cpuidle,C0 (active),100.0
2019-09-18 15:00:00,cpu.cpu3_cpuidle,C0 (active),100.0
2019-09-18 14:53:20,cpu.cpu3_cpuidle,C0 (active),100.0
2019-09-18 14:46:40,cpu.cpu3_cpuidle,C0 (active),100.0
2019-09-18 14:40:00,cpu.cpu3_cpuidle,C0 (active),100.0
2019-09-18 15:33:20,cpu.cpu2_cpuidle,C0 (active),100.0
2019-09-18 15:26:40,cpu.cpu2_cpuidle,C0 (active),100.0
2019-09-18 15:20:00,cpu.cpu2_cpuidle,C0 (active),100.0
2019-09-18 15:13:20,cpu.cpu2_cpuidle,C0 (active),100.0
2019-09-18 15:06:40,cpu.cpu2_cpuidle,C0 (active),100.0
2019-09-18 15:00:00,cpu.cpu2_cpuidle,C0 (active),100.0
2019-09-18 14:53:20,cpu.cpu2_cpuidle,C0 (active),100.0
2019-09-18 14:46:40,cpu.cpu2_cpuidle,C0 (active),100.0
2019-09-18 14:40:00,cpu.cpu2_cpuidle,C0 (active),100.0
2019-09-18 15:33:20,cpu.cpu1_cpuidle,C0 (active),100.0
2019-09-18 15:26:40,cpu.cpu1_cpuidle,C0 (active),100.0
2019-09-18 15:20:00,cpu.cpu1_cpuidle,C0 (active),100.0
2019-09-18 15:13:20,cpu.cpu1_cpuidle,C0 (active),100.0
2019-09-18 15:06:40,cpu.cpu1_cpuidle,C0 (active),100.0
2019-09-18 15:00:00,cpu.cpu1_cpuidle,C0 (active),100.0
2019-09-18 14:53:20,cpu.cpu1_cpuidle,C0 (active),100.0
2019-09-18 14:46:40,cpu.cpu1_cpuidle,C0 (active),100.0
2019-09-18 14:40:00,cpu.cpu1_cpuidle,C0 (active),100.0
2019-09-18 15:33:20,cpu.cpu0_cpuidle,C0 (active),100.0
2019-09-18 15:26:40,cpu.cpu0_cpuidle,C0 (active),100.0
2019-09-18 15:20:00,cpu.cpu0_cpuidle,C0 (active),100.0
2019-09-18 15:13:20,cpu.cpu0_cpuidle,C0 (active),100.0
2019-09-18 15:06:40,cpu.cpu0_cpuidle,C0 (active),100.0
2019-09-18 15:00:00,cpu.cpu0_cpuidle,C0 (active),100.0
2019-09-18 14:53:20,cpu.cpu0_cpuidle,C0 (active),100.0
2019-09-18 14:46:40,cpu.cpu0_cpuidle,C0 (active),100.0
2019-09-18 14:40:00,cpu.cpu0_cpuidle,C0 (active),100.0
2019-09-18 15:33:20,cpu.cpu3,guest_nice,0.0
2019-09-18 15:26:40,cpu.cpu3,guest_nice,0.0
2019-09-18 15:20:00,cpu.cpu3,guest_nice,0.0
2019-09-18 15:13:20,cpu.cpu3,guest_nice,0.0
2019-09-18 15:06:40,cpu.cpu3,guest_nice,0.0
2019-09-18 15:00:00,cpu.cpu3,guest_nice,0.0
2019-09-18 14:53:20,cpu.cpu3,guest_nice,0.0
2019-09-18 14:46:40,cpu.cpu3,guest_nice,0.0
2019-09-18 14:40:00,cpu.cpu3,guest_nice,0.0
2019-09-18 15:33:20,cpu.cpu3,guest,0.0
2019-09-18 15:26:40,cpu.cpu3,guest,0.0
2019-09-18 15:20:00,cpu.cpu3,guest,0.0
2019-09-18 15:13:20,cpu.cpu3,guest,0.0
2019-09-18 15:06:40,cpu.cpu3,guest,0.0
2019-09-18 15:00:00,cpu.cpu3,guest,0.0
2019-09-18 14:53:20,cpu.cpu3,guest,0.0
2019-09-18 14:46:40,cpu.cpu3,guest,0.0
2019-09-18 14:40:00,cpu.cpu3,guest,0.0
2019-09-18 15:33:20,cpu.cpu3,steal,0.0
2019-09-18 15:26:40,cpu.cpu3,steal,0.0
2019-09-18 15:20:00,cpu.cpu3,steal,0.0
2019-09-18 15:13:20,cpu.cpu3,steal,0.0
2019-09-18 15:06:40,cpu.cpu3,steal,0.0
2019-09-18 15:00:00,cpu.cpu3,steal,0.0
2019-09-18 14:53:20,cpu.cpu3,steal,0.0
2019-09-18 14:46:40,cpu.cpu3,steal,0.0
2019-09-18 14:40:00,cpu.cpu3,steal,0.0
2019-09-18 15:33:20,cpu.cpu3,softirq,0.0
2019-09-18 15:26:40,cpu.cpu3,softirq,0.0024752
2019-09-18 15:20:00,cpu.cpu3,softirq,0.0025
2019-09-18 15:13:20,cpu.cpu3,softirq,0.0024752
2019-09-18 15:06:40,cpu.cpu3,softirq,0.0
2019-09-18 15:00:00,cpu.cpu3,softirq,0.0
2019-09-18 14:53:20,cpu.cpu3,softirq,0.0
2019-09-18 14:46:40,cpu.cpu3,softirq,0.0
2019-09-18 14:40:00,cpu.cpu3,softirq,0.0
2019-09-18 15:33:20,cpu.cpu3,irq,0.0
2019-09-18 15:26:40,cpu.cpu3,irq,0.0
2019-09-18 15:20:00,cpu.cpu3,irq,0.0
2019-09-18 15:13:20,cpu.cpu3,irq,0.0
2019-09-18 15:06:40,cpu.cpu3,irq,0.0
2019-09-18 15:00:00,cpu.cpu3,irq,0.0
2019-09-18 14:53:20,cpu.cpu3,irq,0.0
2019-09-18 14:46:40,cpu.cpu3,irq,0.0
2019-09-18 14:40:00,cpu.cpu3,irq,0.0
2019-09-18 15:33:20,cpu.cpu3,user,0.0645054
2019-09-18 15:26:40,cpu.cpu3,user,0.0347277
2019-09-18 15:20:00,cpu.cpu3,user,0.1394108
2019-09-18 15:13:20,cpu.cpu3,user,0.124856
2019-09-18 15:06:40,cpu.cpu3,user,0.0248267
2019-09-18 15:00:00,cpu.cpu3,user,0.0871023
2019-09-18 14:53:20,cpu.cpu3,user,0.0572777
2019-09-18 14:46:40,cpu.cpu3,user,0.1547575
2019-09-18 14:40:00,cpu.cpu3,user,0.0819807
2019-09-18 15:33:20,cpu.cpu3,system,0.0546292
2019-09-18 15:26:40,cpu.cpu3,system,0.049703
2019-09-18 15:20:00,cpu.cpu3,system,0.0521554
2019-09-18 15:13:20,cpu.cpu3,system,0.079654
2019-09-18 15:06:40,cpu.cpu3,system,0.0297772
2019-09-18 15:00:00,cpu.cpu3,system,0.0948154
2019-09-18 14:53:20,cpu.cpu3,system,0.094555
2019-09-18 14:46:40,cpu.cpu3,system,0.2392862
2019-09-18 14:40:00,cpu.cpu3,system,0.1690361
2019-09-18 15:33:20,cpu.cpu3,nice,0.0
2019-09-18 15:26:40,cpu.cpu3,nice,0.0
2019-09-18 15:20:00,cpu.cpu3,nice,0.0
2019-09-18 15:13:20,cpu.cpu3,nice,0.0
2019-09-18 15:06:40,cpu.cpu3,nice,0.0
2019-09-18 15:00:00,cpu.cpu3,nice,0.0
2019-09-18 14:53:20,cpu.cpu3,nice,0.0
2019-09-18 14:46:40,cpu.cpu3,nice,0.0
2019-09-18 14:40:00,cpu.cpu3,nice,0.0
2019-09-18 15:33:20,cpu.cpu3,iowait,0.0
2019-09-18 15:26:40,cpu.cpu3,iowait,0.0024752
2019-09-18 15:20:00,cpu.cpu3,iowait,0.0
2019-09-18 15:13:20,cpu.cpu3,iowait,0.0526263
2019-09-18 15:06:40,cpu.cpu3,iowait,0.0
2019-09-18 15:00:00,cpu.cpu3,iowait,0.0128545
2019-09-18 14:53:20,cpu.cpu3,iowait,0.0
2019-09-18 14:46:40,cpu.cpu3,iowait,0.0
2019-09-18 14:40:00,cpu.cpu3,iowait,0.0
2019-09-18 15:33:20,cpu.cpu2,guest_nice,0.0
2019-09-18 15:26:40,cpu.cpu2,guest_nice,0.0
2019-09-18 15:20:00,cpu.cpu2,guest_nice,0.0
2019-09-18 15:13:20,cpu.cpu2,guest_nice,0.0
2019-09-18 15:06:40,cpu.cpu2,guest_nice,0.0
2019-09-18 15:00:00,cpu.cpu2,guest_nice,0.0
2019-09-18 14:53:20,cpu.cpu2,guest_nice,0.0
2019-09-18 14:46:40,cpu.cpu2,guest_nice,0.0
2019-09-18 14:40:00,cpu.cpu2,guest_nice,0.0
2019-09-18 15:33:20,cpu.cpu2,guest,0.0
2019-09-18 15:26:40,cpu.cpu2,guest,0.0
2019-09-18 15:20:00,cpu.cpu2,guest,0.0
2019-09-18 15:13:20,cpu.cpu2,guest,0.0
2019-09-18 15:06:40,cpu.cpu2,guest,0.0
2019-09-18 15:00:00,cpu.cpu2,guest,0.0
2019-09-18 14:53:20,cpu.cpu2,guest,0.0
2019-09-18 14:46:40,cpu.cpu2,guest,0.0
2019-09-18 14:40:00,cpu.cpu2,guest,0.0
2019-09-18 15:33:20,cpu.cpu2,steal,0.0
2019-09-18 15:26:40,cpu.cpu2,steal,0.0
2019-09-18 15:20:00,cpu.cpu2,steal,0.0
2019-09-18 15:13:20,cpu.cpu2,steal,0.0
2019-09-18 15:06:40,cpu.cpu2,steal,0.0
2019-09-18 15:00:00,cpu.cpu2,steal,0.0
2019-09-18 14:53:20,cpu.cpu2,steal,0.0
2019-09-18 14:46:40,cpu.cpu2,steal,0.0
2019-09-18 14:40:00,cpu.cpu2,steal,0.0
2019-09-18 15:33:20,cpu.cpu2,softirq,0.0024752
2019-09-18 15:26:40,cpu.cpu2,softirq,0.0
2019-09-18 15:20:00,cpu.cpu2,softirq,0.0049262
2019-09-18 15:13:20,cpu.cpu2,softirq,0.0
2019-09-18 15:06:40,cpu.cpu2,softirq,0.0
2019-09-18 15:00:00,cpu.cpu2,softirq,0.0025452
2019-09-18 14:53:20,cpu.cpu2,softirq,0.0049752
2019-09-18 14:46:40,cpu.cpu2,softirq,0.0
2019-09-18 14:40:00,cpu.cpu2,softirq,0.0
2019-09-18 15:33:20,cpu.cpu2,irq,0.0
2019-09-18 15:26:40,cpu.cpu2,irq,0.0
2019-09-18 15:20:00,cpu.cpu2,irq,0.0
2019-09-18 15:13:20,cpu.cpu2,irq,0.0
2019-09-18 15:06:40,cpu.cpu2,irq,0.0
2019-09-18 15:00:00,cpu.cpu2,irq,0.0
2019-09-18 14:53:20,cpu.cpu2,irq,0.0
2019-09-18 14:46:40,cpu.cpu2,irq,0.0
2019-09-18 14:40:00,cpu.cpu2,irq,0.0
2019-09-18 15:33:20,cpu.cpu2,user,0.0422277
2019-09-18 15:26:40,cpu.cpu2,user,0.0447277
2019-09-18 15:20:00,cpu.cpu2,user,0.1731206
2019-09-18 15:13:20,cpu.cpu2,user,0.0744059
2019-09-18 15:06:40,cpu.cpu2,user,0.0570792
2019-09-18 15:00:00,cpu.cpu2,user,0.0946346
2019-09-18 14:53:20,cpu.cpu2,user,0.1094064
2019-09-18 14:46:40,cpu.cpu2,user,0.1744164
2019-09-18 14:40:00,cpu.cpu2,user,0.1143189
2019-09-18 15:33:20,cpu.cpu2,system,0.0322525
2019-09-18 15:26:40,cpu.cpu2,system,0.069605
2019-09-18 15:20:00,cpu.cpu2,system,0.0569159
2019-09-18 15:13:20,cpu.cpu2,system,0.069604
2019-09-18 15:06:40,cpu.cpu2,system,0.0544802
2019-09-18 15:00:00,cpu.cpu2,system,0.1508086
2019-09-18 14:53:20,cpu.cpu2,system,0.1792089
2019-09-18 14:46:40,cpu.cpu2,system,0.2415431
2019-09-18 14:40:00,cpu.cpu2,system,0.10155
2019-09-18 15:33:20,cpu.cpu2,nice,0.0
2019-09-18 15:26:40,cpu.cpu2,nice,0.0
2019-09-18 15:20:00,cpu.cpu2,nice,0.0
2019-09-18 15:13:20,cpu.cpu2,nice,0.0
2019-09-18 15:06:40,cpu.cpu2,nice,0.0
2019-09-18 15:00:00,cpu.cpu2,nice,0.0
2019-09-18 14:53:20,cpu.cpu2,nice,0.0
2019-09-18 14:46:40,cpu.cpu2,nice,0.0
2019-09-18 14:40:00,cpu.cpu2,nice,0.0
2019-09-18 15:33:20,cpu.cpu2,iowait,0.0
2019-09-18 15:26:40,cpu.cpu2,iowait,0.0
2019-09-18 15:20:00,cpu.cpu2,iowait,0.108738
2019-09-18 15:13:20,cpu.cpu2,iowait,0.0520297
2019-09-18 15:06:40,cpu.cpu2,iowait,0.0
2019-09-18 15:00:00,cpu.cpu2,iowait,0.0818311
2019-09-18 14:53:20,cpu.cpu2,iowait,0.0
2019-09-18 14:46:40,cpu.cpu2,iowait,0.0
2019-09-18 14:40:00,cpu.cpu2,iowait,0.0
2019-09-18 15:33:20,cpu.cpu1,guest_nice,0.0
2019-09-18 15:26:40,cpu.cpu1,guest_nice,0.0
2019-09-18 15:20:00,cpu.cpu1,guest_nice,0.0
2019-09-18 15:13:20,cpu.cpu1,guest_nice,0.0
2019-09-18 15:06:40,cpu.cpu1,guest_nice,0.0
2019-09-18 15:00:00,cpu.cpu1,guest_nice,0.0
2019-09-18 14:53:20,cpu.cpu1,guest_nice,0.0
2019-09-18 14:46:40,cpu.cpu1,guest_nice,0.0
2019-09-18 14:40:00,cpu.cpu1,guest_nice,0.0
2019-09-18 15:33:20,cpu.cpu1,guest,0.0
2019-09-18 15:26:40,cpu.cpu1,guest,0.0
2019-09-18 15:20:00,cpu.cpu1,guest,0.0
2019-09-18 15:13:20,cpu.cpu1,guest,0.0
2019-09-18 15:06:40,cpu.cpu1,guest,0.0
2019-09-18 15:00:00,cpu.cpu1,guest,0.0
2019-09-18 14:53:20,cpu.cpu1,guest,0.0
2019-09-18 14:46:40,cpu.cpu1,guest,0.0
2019-09-18 14:40:00,cpu.cpu1,guest,0.0
2019-09-18 15:33:20,cpu.cpu1,steal,0.0
2019-09-18 15:26:40,cpu.cpu1,steal,0.0
2019-09-18 15:20:00,cpu.cpu1,steal,0.0
2019-09-18 15:13:20,cpu.cpu1,steal,0.0
2019-09-18 15:06:40,cpu.cpu1,steal,0.0
2019-09-18 15:00:00,cpu.cpu1,steal,0.0
2019-09-18 14:53:20,cpu.cpu1,steal,0.0
2019-09-18 14:46:40,cpu.cpu1,steal,0.0
2019-09-18 14:40:00,cpu.cpu1,steal,0.0
2019-09-18 15:33:20,cpu.cpu1,softirq,0.0
2019-09-18 15:26:40,cpu.cpu1,softirq,0.0
2019-09-18 15:20:00,cpu.cpu1,softirq,0.0024752
2019-09-18 15:13:20,cpu.cpu1,softirq,0.0024752
2019-09-18 15:06:40,cpu.cpu1,softirq,0.0
2019-09-18 15:00:00,cpu.cpu1,softirq,0.0025452
2019-09-18 14:53:20,cpu.cpu1,softirq,0.0024272
2019-09-18 14:46:40,cpu.cpu1,softirq,0.004902
2019-09-18 14:40:00,cpu.cpu1,softirq,0.0025
2019-09-18 15:33:20,cpu.cpu1,irq,0.0
2019-09-18 15:26:40,cpu.cpu1,irq,0.0
2019-09-18 15:20:00,cpu.cpu1,irq,0.0
2019-09-18 15:13:20,cpu.cpu1,irq,0.0
2019-09-18 15:06:40,cpu.cpu1,irq,0.0
2019-09-18 15:00:00,cpu.cpu1,irq,0.0
2019-09-18 14:53:20,cpu.cpu1,irq,0.0
2019-09-18 14:46:40,cpu.cpu1,irq,0.0
2019-09-18 14:40:00,cpu.cpu1,irq,0.0
2019-09-18 15:33:20,cpu.cpu1,user,0.0546782
2019-09-18 15:26:40,cpu.cpu1,user,0.0447277
2019-09-18 15:20:00,cpu.cpu1,user,0.0896297
2019-09-18 15:13:20,cpu.cpu1,user,0.0871535
2019-09-18 15:06:40,cpu.cpu1,user,0.029802
2019-09-18 15:00:00,cpu.cpu1,user,0.1896261
2019-09-18 14:53:20,cpu.cpu1,user,0.1041443
2019-09-18 14:46:40,cpu.cpu1,user,0.1095615
2019-09-18 14:40:00,cpu.cpu1,user,0.0895812
2019-09-18 15:33:20,cpu.cpu1,system,0.0445792
2019-09-18 15:26:40,cpu.cpu1,system,0.037203
2019-09-18 15:20:00,cpu.cpu1,system,0.0322525
2019-09-18 15:13:20,cpu.cpu1,system,0.0546535
2019-09-18 15:06:40,cpu.cpu1,system,0.0248267
2019-09-18 15:00:00,cpu.cpu1,system,0.1254835
2019-09-18 14:53:20,cpu.cpu1,system,0.1291642
2019-09-18 14:46:40,cpu.cpu1,system,0.1616644
2019-09-18 14:40:00,cpu.cpu1,system,0.1517584
2019-09-18 15:33:20,cpu.cpu1,nice,0.0
2019-09-18 15:26:40,cpu.cpu1,nice,0.0
2019-09-18 15:20:00,cpu.cpu1,nice,0.0
2019-09-18 15:13:20,cpu.cpu1,nice,0.0
2019-09-18 15:06:40,cpu.cpu1,nice,0.0
2019-09-18 15:00:00,cpu.cpu1,nice,0.0
2019-09-18 14:53:20,cpu.cpu1,nice,0.0
2019-09-18 14:46:40,cpu.cpu1,nice,0.0
2019-09-18 14:40:00,cpu.cpu1,nice,0.0
2019-09-18 15:33:20,cpu.cpu1,iowait,0.0
2019-09-18 15:26:40,cpu.cpu1,iowait,0.0025
2019-09-18 15:20:00,cpu.cpu1,iowait,0.0249757
2019-09-18 15:13:20,cpu.cpu1,iowait,0.0274752
2019-09-18 15:06:40,cpu.cpu1,iowait,0.0
2019-09-18 15:00:00,cpu.cpu1,iowait,0.2032337
2019-09-18 14:53:20,cpu.cpu1,iowait,0.0
2019-09-18 14:46:40,cpu.cpu1,iowait,0.0074505
2019-09-18 14:40:00,cpu.cpu1,iowait,0.0
2019-09-18 15:33:20,cpu.cpu0,guest_nice,0.0
2019-09-18 15:26:40,cpu.cpu0,guest_nice,0.0
2019-09-18 15:20:00,cpu.cpu0,guest_nice,0.0
2019-09-18 15:13:20,cpu.cpu0,guest_nice,0.0
2019-09-18 15:06:40,cpu.cpu0,guest_nice,0.0
2019-09-18 15:00:00,cpu.cpu0,guest_nice,0.0
2019-09-18 14:53:20,cpu.cpu0,guest_nice,0.0
2019-09-18 14:46:40,cpu.cpu0,guest_nice,0.0
2019-09-18 14:40:00,cpu.cpu0,guest_nice,0.0
2019-09-18 15:33:20,cpu.cpu0,guest,0.0
2019-09-18 15:26:40,cpu.cpu0,guest,0.0
2019-09-18 15:20:00,cpu.cpu0,guest,0.0
2019-09-18 15:13:20,cpu.cpu0,guest,0.0
2019-09-18 15:06:40,cpu.cpu0,guest,0.0
2019-09-18 15:00:00,cpu.cpu0,guest,0.0
2019-09-18 14:53:20,cpu.cpu0,guest,0.0
2019-09-18 14:46:40,cpu.cpu0,guest,0.0
2019-09-18 14:40:00,cpu.cpu0,guest,0.0
2019-09-18 15:33:20,cpu.cpu0,steal,0.0
2019-09-18 15:26:40,cpu.cpu0,steal,0.0
2019-09-18 15:20:00,cpu.cpu0,steal,0.0
2019-09-18 15:13:20,cpu.cpu0,steal,0.0
2019-09-18 15:06:40,cpu.cpu0,steal,0.0
2019-09-18 15:00:00,cpu.cpu0,steal,0.0
2019-09-18 14:53:20,cpu.cpu0,steal,0.0
2019-09-18 14:46:40,cpu.cpu0,steal,0.0
2019-09-18 14:40:00,cpu.cpu0,steal,0.0
2019-09-18 15:33:20,cpu.cpu0,softirq,0.0
2019-09-18 15:26:40,cpu.cpu0,softirq,0.0
2019-09-18 15:20:00,cpu.cpu0,softirq,0.0024752
2019-09-18 15:13:20,cpu.cpu0,softirq,0.0024752
2019-09-18 15:06:40,cpu.cpu0,softirq,0.0
2019-09-18 15:00:00,cpu.cpu0,softirq,0.0050905
2019-09-18 14:53:20,cpu.cpu0,softirq,0.0049505
2019-09-18 14:46:40,cpu.cpu0,softirq,0.0223272
2019-09-18 14:40:00,cpu.cpu0,softirq,0.0123277
2019-09-18 15:33:20,cpu.cpu0,irq,0.0
2019-09-18 15:26:40,cpu.cpu0,irq,0.0
2019-09-18 15:20:00,cpu.cpu0,irq,0.0
2019-09-18 15:13:20,cpu.cpu0,irq,0.0
2019-09-18 15:06:40,cpu.cpu0,irq,0.0
2019-09-18 15:00:00,cpu.cpu0,irq,0.0
2019-09-18 14:53:20,cpu.cpu0,irq,0.0
2019-09-18 14:46:40,cpu.cpu0,irq,0.0
2019-09-18 14:40:00,cpu.cpu0,irq,0.0
2019-09-18 15:33:20,cpu.cpu0,user,0.0322772
2019-09-18 15:26:40,cpu.cpu0,user,0.0495792
2019-09-18 15:20:00,cpu.cpu0,user,0.3831693
2019-09-18 15:13:20,cpu.cpu0,user,0.1738121
2019-09-18 15:06:40,cpu.cpu0,user,0.0396787
2019-09-18 15:00:00,cpu.cpu0,user,0.1431969
2019-09-18 14:53:20,cpu.cpu0,user,0.0771787
2019-09-18 14:46:40,cpu.cpu0,user,0.1291668
2019-09-18 14:40:00,cpu.cpu0,user,0.1292881
2019-09-18 15:33:20,cpu.cpu0,system,0.0447525
2019-09-18 15:26:40,cpu.cpu0,system,0.052203
2019-09-18 15:20:00,cpu.cpu0,system,0.1273176
2019-09-18 15:13:20,cpu.cpu0,system,0.0826622
2019-09-18 15:06:40,cpu.cpu0,system,0.0671535
2019-09-18 15:00:00,cpu.cpu0,system,0.1021915
2019-09-18 14:53:20,cpu.cpu0,system,0.1343817
2019-09-18 14:46:40,cpu.cpu0,system,0.1666406
2019-09-18 14:40:00,cpu.cpu0,system,0.1865618
2019-09-18 15:33:20,cpu.cpu0,nice,0.0
2019-09-18 15:26:40,cpu.cpu0,nice,0.0
2019-09-18 15:20:00,cpu.cpu0,nice,0.0
2019-09-18 15:13:20,cpu.cpu0,nice,0.0
2019-09-18 15:06:40,cpu.cpu0,nice,0.0
2019-09-18 15:00:00,cpu.cpu0,nice,0.0
2019-09-18 14:53:20,cpu.cpu0,nice,0.0
2019-09-18 14:46:40,cpu.cpu0,nice,0.0
2019-09-18 14:40:00,cpu.cpu0,nice,0.0
2019-09-18 15:33:20,cpu.cpu0,iowait,0.0124257
2019-09-18 15:26:40,cpu.cpu0,iowait,0.012401
2019-09-18 15:20:00,cpu.cpu0,iowait,1.4483835
2019-09-18 15:13:20,cpu.cpu0,iowait,1.0529106
2019-09-18 15:06:40,cpu.cpu0,iowait,0.0684234
2019-09-18 15:00:00,cpu.cpu0,iowait,0.4162727
2019-09-18 14:53:20,cpu.cpu0,iowait,0.0099752
2019-09-18 14:46:40,cpu.cpu0,iowait,0.0199025
2019-09-18 14:40:00,cpu.cpu0,iowait,0.0099505
2019-09-18 15:33:20,system.cpu,guest_nice,0.0
2019-09-18 15:26:40,system.cpu,guest_nice,0.0
2019-09-18 15:20:00,system.cpu,guest_nice,0.0
2019-09-18 15:13:20,system.cpu,guest_nice,0.0
2019-09-18 15:06:40,system.cpu,guest_nice,0.0
2019-09-18 15:00:00,system.cpu,guest_nice,0.0
2019-09-18 14:53:20,system.cpu,guest_nice,0.0
2019-09-18 14:46:40,system.cpu,guest_nice,0.0
2019-09-18 14:40:00,system.cpu,guest_nice,0.0
2019-09-18 15:33:20,system.cpu,guest,0.0
2019-09-18 15:26:40,system.cpu,guest,0.0
2019-09-18 15:20:00,system.cpu,guest,0.0
2019-09-18 15:13:20,system.cpu,guest,0.0
2019-09-18 15:06:40,system.cpu,guest,0.0
2019-09-18 15:00:00,system.cpu,guest,0.0
2019-09-18 14:53:20,system.cpu,guest,0.0
2019-09-18 14:46:40,system.cpu,guest,0.0
2019-09-18 14:40:00,system.cpu,guest,0.0
2019-09-18 15:33:20,system.cpu,steal,0.0
2019-09-18 15:26:40,system.cpu,steal,0.0
2019-09-18 15:20:00,system.cpu,steal,0.0
2019-09-18 15:13:20,system.cpu,steal,0.0
2019-09-18 15:06:40,system.cpu,steal,0.0
2019-09-18 15:00:00,system.cpu,steal,0.0
2019-09-18 14:53:20,system.cpu,steal,0.0
2019-09-18 14:46:40,system.cpu,steal,0.0
2019-09-18 14:40:00,system.cpu,steal,0.0
2019-09-18 15:33:20,system.cpu,softirq,0.0
2019-09-18 15:26:40,system.cpu,softirq,0.0018688
2019-09-18 15:20:00,system.cpu,softirq,0.001875
2019-09-18 15:13:20,system.cpu,softirq,0.0024938
2019-09-18 15:06:40,system.cpu,softirq,0.0
2019-09-18 15:00:00,system.cpu,softirq,0.003199
2019-09-18 14:53:20,system.cpu,softirq,0.0024984
2019-09-18 14:46:40,system.cpu,softirq,0.0068735
2019-09-18 14:40:00,system.cpu,softirq,0.0043719
2019-09-18 15:33:20,system.cpu,irq,0.0
2019-09-18 15:26:40,system.cpu,irq,0.0
2019-09-18 15:20:00,system.cpu,irq,0.0
2019-09-18 15:13:20,system.cpu,irq,0.0
2019-09-18 15:06:40,system.cpu,irq,0.0
2019-09-18 15:00:00,system.cpu,irq,0.0
2019-09-18 14:53:20,system.cpu,irq,0.0
2019-09-18 14:46:40,system.cpu,irq,0.0
2019-09-18 14:40:00,system.cpu,irq,0.0
2019-09-18 15:33:20,system.cpu,user,0.048722
2019-09-18 15:26:40,system.cpu,user,0.0443548
2019-09-18 15:20:00,system.cpu,user,0.1976567
2019-09-18 15:13:20,system.cpu,user,0.1139879
2019-09-18 15:06:40,system.cpu,user,0.0387376
2019-09-18 15:00:00,system.cpu,user,0.1285662
2019-09-18 14:53:20,system.cpu,user,0.0875473
2019-09-18 14:46:40,system.cpu,user,0.1425984
2019-09-18 14:40:00,system.cpu,user,0.1044429
2019-09-18 15:33:20,system.cpu,system,0.0443564
2019-09-18 15:26:40,system.cpu,system,0.0524892
2019-09-18 15:20:00,system.cpu,system,0.0674994
2019-09-18 15:13:20,system.cpu,system,0.071285
2019-09-18 15:06:40,system.cpu,system,0.044986
2019-09-18 15:00:00,system.cpu,system,0.1182849
2019-09-18 14:53:20,system.cpu,system,0.1350787
2019-09-18 14:46:40,system.cpu,system,0.2033047
2019-09-18 14:40:00,system.cpu,system,0.1525884
2019-09-18 15:33:20,system.cpu,nice,0.0
2019-09-18 15:26:40,system.cpu,nice,0.0
2019-09-18 15:20:00,system.cpu,nice,0.0
2019-09-18 15:13:20,system.cpu,nice,0.0
2019-09-18 15:06:40,system.cpu,nice,0.0
2019-09-18 15:00:00,system.cpu,nice,0.0
2019-09-18 14:53:20,system.cpu,nice,0.0
2019-09-18 14:46:40,system.cpu,nice,0.0
2019-09-18 14:40:00,system.cpu,nice,0.0
2019-09-18 15:33:20,system.cpu,iowait,0.0037484
2019-09-18 15:26:40,system.cpu,iowait,0.0031188
2019-09-18 15:20:00,system.cpu,iowait,0.3961083
2019-09-18 15:13:20,system.cpu,iowait,0.2939495
2019-09-18 15:06:40,system.cpu,iowait,0.0169394
2019-09-18 15:00:00,system.cpu,iowait,0.1786403
2019-09-18 14:53:20,system.cpu,iowait,0.0031281
2019-09-18 14:46:40,system.cpu,iowait,0.0062658
2019-09-18 14:40:00,system.cpu,iowait,0.0025016
2019-09-18 15:33:20,netdata.plugin_cgroups_cpu,user,0.17
2019-09-18 15:26:40,netdata.plugin_cgroups_cpu,user,0.16
2019-09-18 15:20:00,netdata.plugin_cgroups_cpu,user,0.18
2019-09-18 15:13:20,netdata.plugin_cgroups_cpu,user,0.17
2019-09-18 15:06:40,netdata.plugin_cgroups_cpu,user,0.16
2019-09-18 15:00:00,netdata.plugin_cgroups_cpu,user,0.1748072
2019-09-18 14:53:20,netdata.plugin_cgroups_cpu,user,0.19
2019-09-18 14:46:40,netdata.plugin_cgroups_cpu,user,0.2
2019-09-18 14:40:00,netdata.plugin_cgroups_cpu,user,0.19
2019-09-18 15:33:20,netdata.plugin_cgroups_cpu,system,0.0
2019-09-18 15:26:40,netdata.plugin_cgroups_cpu,system,0.0
2019-09-18 15:20:00,netdata.plugin_cgroups_cpu,system,0.0
2019-09-18 15:13:20,netdata.plugin_cgroups_cpu,system,0.0
2019-09-18 15:06:40,netdata.plugin_cgroups_cpu,system,0.0
2019-09-18 15:00:00,netdata.plugin_cgroups_cpu,system,0.0
2019-09-18 14:53:20,netdata.plugin_cgroups_cpu,system,0.0
2019-09-18 14:46:40,netdata.plugin_cgroups_cpu,system,0.0
2019-09-18 14:40:00,netdata.plugin_cgroups_cpu,system,0.0
2019-09-18 15:33:20,netdata.plugin_statsd_collector1_cpu,user,0.02
2019-09-18 15:26:40,netdata.plugin_statsd_collector1_cpu,user,0.0
2019-09-18 15:20:00,netdata.plugin_statsd_collector1_cpu,user,0.03
2019-09-18 15:13:20,netdata.plugin_statsd_collector1_cpu,user,0.03
2019-09-18 15:06:40,netdata.plugin_statsd_collector1_cpu,user,0.0
2019-09-18 15:00:00,netdata.plugin_statsd_collector1_cpu,user,0.0
2019-09-18 14:53:20,netdata.plugin_statsd_collector1_cpu,user,0.01
2019-09-18 14:46:40,netdata.plugin_statsd_collector1_cpu,user,0.0
2019-09-18 14:40:00,netdata.plugin_statsd_collector1_cpu,user,0.03
2019-09-18 15:33:20,netdata.plugin_statsd_collector1_cpu,system,0.02
2019-09-18 15:26:40,netdata.plugin_statsd_collector1_cpu,system,0.04
2019-09-18 15:20:00,netdata.plugin_statsd_collector1_cpu,system,0.01
2019-09-18 15:13:20,netdata.plugin_statsd_collector1_cpu,system,0.01
2019-09-18 15:06:40,netdata.plugin_statsd_collector1_cpu,system,0.04
2019-09-18 15:00:00,netdata.plugin_statsd_collector1_cpu,system,0.0308483
2019-09-18 14:53:20,netdata.plugin_statsd_collector1_cpu,system,0.03
2019-09-18 14:46:40,netdata.plugin_statsd_collector1_cpu,system,0.04
2019-09-18 14:40:00,netdata.plugin_statsd_collector1_cpu,system,0.01
2019-09-18 15:33:20,netdata.plugin_statsd_charting_cpu,user,0.0
2019-09-18 15:26:40,netdata.plugin_statsd_charting_cpu,user,0.0
2019-09-18 15:20:00,netdata.plugin_statsd_charting_cpu,user,0.0
2019-09-18 15:13:20,netdata.plugin_statsd_charting_cpu,user,0.0
2019-09-18 15:06:40,netdata.plugin_statsd_charting_cpu,user,0.0
2019-09-18 15:00:00,netdata.plugin_statsd_charting_cpu,user,0.0102828
2019-09-18 14:53:20,netdata.plugin_statsd_charting_cpu,user,0.03
2019-09-18 14:46:40,netdata.plugin_statsd_charting_cpu,user,0.04
2019-09-18 14:40:00,netdata.plugin_statsd_charting_cpu,user,0.03
2019-09-18 15:33:20,netdata.plugin_statsd_charting_cpu,system,0.05
2019-09-18 15:26:40,netdata.plugin_statsd_charting_cpu,system,0.06
2019-09-18 15:20:00,netdata.plugin_statsd_charting_cpu,system,0.06
2019-09-18 15:13:20,netdata.plugin_statsd_charting_cpu,system,0.06
2019-09-18 15:06:40,netdata.plugin_statsd_charting_cpu,system,0.06
2019-09-18 15:00:00,netdata.plugin_statsd_charting_cpu,system,0.0514139
2019-09-18 14:53:20,netdata.plugin_statsd_charting_cpu,system,0.03
2019-09-18 14:46:40,netdata.plugin_statsd_charting_cpu,system,0.03
2019-09-18 14:40:00,netdata.plugin_statsd_charting_cpu,system,0.03
2019-09-18 15:33:20,netdata.plugin_tc_cpu,user,0.07
2019-09-18 15:26:40,netdata.plugin_tc_cpu,user,0.06
2019-09-18 15:20:00,netdata.plugin_tc_cpu,user,0.07
2019-09-18 15:13:20,netdata.plugin_tc_cpu,user,0.12
2019-09-18 15:06:40,netdata.plugin_tc_cpu,user,0.08
2019-09-18 15:00:00,netdata.plugin_tc_cpu,user,0.0719794
2019-09-18 14:53:20,netdata.plugin_tc_cpu,user,0.12
2019-09-18 14:46:40,netdata.plugin_tc_cpu,user,0.06
2019-09-18 14:40:00,netdata.plugin_tc_cpu,user,0.08
2019-09-18 15:33:20,netdata.plugin_tc_cpu,system,0.08
2019-09-18 15:26:40,netdata.plugin_tc_cpu,system,0.08
2019-09-18 15:20:00,netdata.plugin_tc_cpu,system,0.08
2019-09-18 15:13:20,netdata.plugin_tc_cpu,system,0.03
2019-09-18 15:06:40,netdata.plugin_tc_cpu,system,0.07
2019-09-18 15:00:00,netdata.plugin_tc_cpu,system,0.0719794
2019-09-18 14:53:20,netdata.plugin_tc_cpu,system,0.03
2019-09-18 14:46:40,netdata.plugin_tc_cpu,system,0.09
2019-09-18 14:40:00,netdata.plugin_tc_cpu,system,0.07
